Loan_ID,Gender,Married,Dependents,Education,Self_Employed,ApplicantIncome,CoapplicantIncome,LoanAmount,Loan_Amount_Term,Credit_History,Property_Area,Loan_Status,Total_Income,Income_to_Loan_Ratio,EMI,Risk_Category
LP001002,Male,No,0,Graduate,No,5849,0.0,128.0,360.0,1.0,Urban,1,5849.0,45.6953125,0.35555555555555557,Low Risk
LP001003,Male,Yes,1,Graduate,No,4583,1508.0,128.0,360.0,1.0,Rural,0,6091.0,47.5859375,0.35555555555555557,Low Risk
LP001005,Male,Yes,0,Graduate,Yes,3000,0.0,66.0,360.0,1.0,Urban,1,3000.0,45.45454545454545,0.18333333333333332,Low Risk
LP001006,Male,Yes,0,Not Graduate,No,2583,2358.0,120.0,360.0,1.0,Urban,1,4941.0,41.175,0.3333333333333333,Low Risk
LP001008,Male,No,0,Graduate,No,6000,0.0,141.0,360.0,1.0,Urban,1,6000.0,42.5531914893617,0.39166666666666666,Low Risk
LP001011,Male,Yes,2,Graduate,Yes,5417,4196.0,267.0,360.0,1.0,Urban,1,9613.0,36.00374531835206,0.7416666666666667,Low Risk
LP001013,Male,Yes,0,Not Graduate,No,2333,1516.0,95.0,360.0,1.0,Urban,1,3849.0,40.51578947368421,0.2638888888888889,Low Risk
LP001014,Male,Yes,3+,Graduate,No,3036,2504.0,158.0,360.0,0.0,Semiurban,0,5540.0,35.063291139240505,0.4388888888888889,High Risk
LP001018,Male,Yes,2,Graduate,No,4006,1526.0,168.0,360.0,1.0,Urban,1,5532.0,32.92857142857143,0.4666666666666667,Low Risk
LP001020,Male,Yes,1,Graduate,No,12841,10968.0,349.0,360.0,1.0,Semiurban,0,23809.0,68.22063037249283,0.9694444444444444,Low Risk
LP001024,Male,Yes,2,Graduate,No,3200,700.0,70.0,360.0,1.0,Urban,1,3900.0,55.714285714285715,0.19444444444444445,Low Risk
LP001027,Male,Yes,2,Graduate,No,2500,1840.0,109.0,360.0,1.0,Urban,1,4340.0,39.81651376146789,0.30277777777777776,Low Risk
LP001028,Male,Yes,2,Graduate,No,3073,8106.0,200.0,360.0,1.0,Urban,1,11179.0,55.895,0.5555555555555556,Low Risk
LP001029,Male,No,0,Graduate,No,1853,2840.0,114.0,360.0,1.0,Rural,0,4693.0,41.166666666666664,0.31666666666666665,Low Risk
LP001030,Male,Yes,2,Graduate,No,1299,1086.0,17.0,120.0,1.0,Urban,1,2385.0,140.2941176470588,0.14166666666666666,Low Risk
LP001032,Male,No,0,Graduate,No,4950,0.0,125.0,360.0,1.0,Urban,1,4950.0,39.6,0.3472222222222222,Low Risk
LP001034,Male,No,1,Not Graduate,No,3596,0.0,100.0,240.0,1.0,Urban,1,3596.0,35.96,0.4166666666666667,Low Risk
LP001036,Female,No,0,Graduate,No,3510,0.0,76.0,360.0,0.0,Urban,0,3510.0,46.18421052631579,0.2111111111111111,High Risk
LP001038,Male,Yes,0,Not Graduate,No,4887,0.0,133.0,360.0,1.0,Rural,0,4887.0,36.744360902255636,0.36944444444444446,Low Risk
LP001041,Male,Yes,0,Graduate,No,2600,3500.0,115.0,360.0,1.0,Urban,1,6100.0,53.04347826086956,0.3194444444444444,Low Risk
LP001043,Male,Yes,0,Not Graduate,No,7660,0.0,104.0,360.0,0.0,Urban,0,7660.0,73.65384615384616,0.28888888888888886,High Risk
LP001046,Male,Yes,1,Graduate,No,5955,5625.0,315.0,360.0,1.0,Urban,1,11580.0,36.76190476190476,0.875,Low Risk
LP001047,Male,Yes,0,Not Graduate,No,2600,1911.0,116.0,360.0,0.0,Semiurban,0,4511.0,38.88793103448276,0.32222222222222224,High Risk
LP001050,Male,Yes,2,Not Graduate,No,3365,1917.0,112.0,360.0,0.0,Rural,0,5282.0,47.160714285714285,0.3111111111111111,High Risk
LP001052,Male,Yes,1,Graduate,No,3717,2925.0,151.0,360.0,1.0,Semiurban,0,6642.0,43.98675496688742,0.41944444444444445,Low Risk
LP001066,Male,Yes,0,Graduate,Yes,9560,0.0,191.0,360.0,1.0,Semiurban,1,9560.0,50.05235602094241,0.5305555555555556,Low Risk
LP001068,Male,Yes,0,Graduate,No,2799,2253.0,122.0,360.0,1.0,Semiurban,1,5052.0,41.40983606557377,0.3388888888888889,Low Risk
LP001073,Male,Yes,2,Not Graduate,No,4226,1040.0,110.0,360.0,1.0,Urban,1,5266.0,47.872727272727275,0.3055555555555556,Low Risk
LP001086,Male,No,0,Not Graduate,No,1442,0.0,35.0,360.0,1.0,Urban,0,1442.0,41.2,0.09722222222222222,Low Risk
LP001087,Female,No,2,Graduate,No,3750,2083.0,120.0,360.0,1.0,Semiurban,1,5833.0,48.608333333333334,0.3333333333333333,Low Risk
LP001091,Male,Yes,1,Graduate,No,4166,3369.0,201.0,360.0,1.0,Urban,0,7535.0,37.48756218905473,0.5583333333333333,Low Risk
LP001095,Male,No,0,Graduate,No,3167,0.0,74.0,360.0,1.0,Urban,0,3167.0,42.7972972972973,0.20555555555555555,Low Risk
LP001097,Male,No,1,Graduate,Yes,4692,0.0,106.0,360.0,1.0,Rural,0,4692.0,44.264150943396224,0.29444444444444445,Low Risk
LP001098,Male,Yes,0,Graduate,No,3500,1667.0,114.0,360.0,1.0,Semiurban,1,5167.0,45.324561403508774,0.31666666666666665,Low Risk
LP001100,Male,No,3+,Graduate,No,12500,3000.0,320.0,360.0,1.0,Rural,0,15500.0,48.4375,0.8888888888888888,Low Risk
LP001106,Male,Yes,0,Graduate,No,2275,2067.0,128.0,360.0,1.0,Urban,1,4342.0,33.921875,0.35555555555555557,Low Risk
LP001109,Male,Yes,0,Graduate,No,1828,1330.0,100.0,360.0,0.0,Urban,0,3158.0,31.58,0.2777777777777778,High Risk
LP001112,Female,Yes,0,Graduate,No,3667,1459.0,144.0,360.0,1.0,Semiurban,1,5126.0,35.59722222222222,0.4,Low Risk
LP001114,Male,No,0,Graduate,No,4166,7210.0,184.0,360.0,1.0,Urban,1,11376.0,61.82608695652174,0.5111111111111111,Low Risk
LP001116,Male,No,0,Not Graduate,No,3748,1668.0,110.0,360.0,1.0,Semiurban,1,5416.0,49.236363636363635,0.3055555555555556,Low Risk
LP001119,Male,No,0,Graduate,No,3600,0.0,80.0,360.0,1.0,Urban,0,3600.0,45.0,0.2222222222222222,Low Risk
LP001120,Male,No,0,Graduate,No,1800,1213.0,47.0,360.0,1.0,Urban,1,3013.0,64.1063829787234,0.13055555555555556,Low Risk
LP001123,Male,Yes,0,Graduate,No,2400,0.0,75.0,360.0,1.0,Urban,1,2400.0,32.0,0.20833333333333334,Low Risk
LP001131,Male,Yes,0,Graduate,No,3941,2336.0,134.0,360.0,1.0,Semiurban,1,6277.0,46.843283582089555,0.37222222222222223,Low Risk
LP001136,Male,Yes,0,Not Graduate,Yes,4695,0.0,96.0,360.0,1.0,Urban,1,4695.0,48.90625,0.26666666666666666,Low Risk
LP001137,Female,No,0,Graduate,No,3410,0.0,88.0,360.0,1.0,Urban,1,3410.0,38.75,0.24444444444444444,Low Risk
LP001138,Male,Yes,1,Graduate,No,5649,0.0,44.0,360.0,1.0,Urban,1,5649.0,128.38636363636363,0.12222222222222222,Low Risk
LP001144,Male,Yes,0,Graduate,No,5821,0.0,144.0,360.0,1.0,Urban,1,5821.0,40.423611111111114,0.4,Low Risk
LP001146,Female,Yes,0,Graduate,No,2645,3440.0,120.0,360.0,0.0,Urban,0,6085.0,50.708333333333336,0.3333333333333333,High Risk
LP001151,Female,No,0,Graduate,No,4000,2275.0,144.0,360.0,1.0,Semiurban,1,6275.0,43.576388888888886,0.4,Low Risk
LP001155,Female,Yes,0,Not Graduate,No,1928,1644.0,100.0,360.0,1.0,Semiurban,1,3572.0,35.72,0.2777777777777778,Low Risk
LP001157,Female,No,0,Graduate,No,3086,0.0,120.0,360.0,1.0,Semiurban,1,3086.0,25.716666666666665,0.3333333333333333,Low Risk
LP001164,Female,No,0,Graduate,No,4230,0.0,112.0,360.0,1.0,Semiurban,0,4230.0,37.767857142857146,0.3111111111111111,Low Risk
LP001179,Male,Yes,2,Graduate,No,4616,0.0,134.0,360.0,1.0,Urban,0,4616.0,34.44776119402985,0.37222222222222223,Low Risk
LP001186,Female,Yes,1,Graduate,Yes,11500,0.0,286.0,360.0,0.0,Urban,0,11500.0,40.20979020979021,0.7944444444444444,High Risk
LP001194,Male,Yes,2,Graduate,No,2708,1167.0,97.0,360.0,1.0,Semiurban,1,3875.0,39.94845360824742,0.26944444444444443,Low Risk
LP001195,Male,Yes,0,Graduate,No,2132,1591.0,96.0,360.0,1.0,Semiurban,1,3723.0,38.78125,0.26666666666666666,Low Risk
LP001197,Male,Yes,0,Graduate,No,3366,2200.0,135.0,360.0,1.0,Rural,0,5566.0,41.22962962962963,0.375,Low Risk
LP001198,Male,Yes,1,Graduate,No,8080,2250.0,180.0,360.0,1.0,Urban,1,10330.0,57.388888888888886,0.5,Low Risk
LP001199,Male,Yes,2,Not Graduate,No,3357,2859.0,144.0,360.0,1.0,Urban,1,6216.0,43.166666666666664,0.4,Low Risk
LP001205,Male,Yes,0,Graduate,No,2500,3796.0,120.0,360.0,1.0,Urban,1,6296.0,52.46666666666667,0.3333333333333333,Low Risk
LP001206,Male,Yes,3+,Graduate,No,3029,0.0,99.0,360.0,1.0,Urban,1,3029.0,30.595959595959595,0.275,Low Risk
LP001207,Male,Yes,0,Not Graduate,Yes,2609,3449.0,165.0,180.0,0.0,Rural,0,6058.0,36.71515151515152,0.9166666666666666,High Risk
LP001213,Male,Yes,1,Graduate,No,4945,0.0,128.0,360.0,0.0,Rural,0,4945.0,38.6328125,0.35555555555555557,High Risk
LP001222,Female,No,0,Graduate,No,4166,0.0,116.0,360.0,0.0,Semiurban,0,4166.0,35.91379310344828,0.32222222222222224,High Risk
LP001225,Male,Yes,0,Graduate,No,5726,4595.0,258.0,360.0,1.0,Semiurban,0,10321.0,40.00387596899225,0.7166666666666667,Low Risk
LP001228,Male,No,0,Not Graduate,No,3200,2254.0,126.0,180.0,0.0,Urban,0,5454.0,43.285714285714285,0.7,High Risk
LP001233,Male,Yes,1,Graduate,No,10750,0.0,312.0,360.0,1.0,Urban,1,10750.0,34.455128205128204,0.8666666666666667,Low Risk
LP001238,Male,Yes,3+,Not Graduate,Yes,7100,0.0,125.0,60.0,1.0,Urban,1,7100.0,56.8,2.0833333333333335,Low Risk
LP001241,Female,No,0,Graduate,No,4300,0.0,136.0,360.0,0.0,Semiurban,0,4300.0,31.61764705882353,0.37777777777777777,High Risk
LP001243,Male,Yes,0,Graduate,No,3208,3066.0,172.0,360.0,1.0,Urban,1,6274.0,36.47674418604651,0.4777777777777778,Low Risk
LP001245,Male,Yes,2,Not Graduate,Yes,1875,1875.0,97.0,360.0,1.0,Semiurban,1,3750.0,38.65979381443299,0.26944444444444443,Low Risk
LP001248,Male,No,0,Graduate,No,3500,0.0,81.0,300.0,1.0,Semiurban,1,3500.0,43.20987654320987,0.27,Low Risk
LP001250,Male,Yes,3+,Not Graduate,No,4755,0.0,95.0,360.0,0.0,Semiurban,0,4755.0,50.05263157894737,0.2638888888888889,High Risk
LP001253,Male,Yes,3+,Graduate,Yes,5266,1774.0,187.0,360.0,1.0,Semiurban,1,7040.0,37.64705882352941,0.5194444444444445,Low Risk
LP001255,Male,No,0,Graduate,No,3750,0.0,113.0,480.0,1.0,Urban,0,3750.0,33.1858407079646,0.23541666666666666,Low Risk
LP001256,Male,No,0,Graduate,No,3750,4750.0,176.0,360.0,1.0,Urban,0,8500.0,48.29545454545455,0.4888888888888889,Low Risk
LP001259,Male,Yes,1,Graduate,Yes,1000,3022.0,110.0,360.0,1.0,Urban,0,4022.0,36.56363636363636,0.3055555555555556,Low Risk
LP001263,Male,Yes,3+,Graduate,No,3167,4000.0,180.0,300.0,0.0,Semiurban,0,7167.0,39.81666666666667,0.6,High Risk
LP001264,Male,Yes,3+,Not Graduate,Yes,3333,2166.0,130.0,360.0,1.0,Semiurban,1,5499.0,42.3,0.3611111111111111,Low Risk
LP001265,Female,No,0,Graduate,No,3846,0.0,111.0,360.0,1.0,Semiurban,1,3846.0,34.648648648648646,0.30833333333333335,Low Risk
LP001266,Male,Yes,1,Graduate,Yes,2395,0.0,128.0,360.0,1.0,Semiurban,1,2395.0,18.7109375,0.35555555555555557,Medium Risk
LP001267,Female,Yes,2,Graduate,No,1378,1881.0,167.0,360.0,1.0,Urban,0,3259.0,19.51497005988024,0.4638888888888889,Medium Risk
LP001273,Male,Yes,0,Graduate,No,6000,2250.0,265.0,360.0,1.0,Semiurban,0,8250.0,31.132075471698112,0.7361111111111112,Low Risk
LP001275,Male,Yes,1,Graduate,No,3988,0.0,50.0,240.0,1.0,Urban,1,3988.0,79.76,0.20833333333333334,Low Risk
LP001279,Male,No,0,Graduate,No,2366,2531.0,136.0,360.0,1.0,Semiurban,1,4897.0,36.00735294117647,0.37777777777777777,Low Risk
LP001280,Male,Yes,2,Not Graduate,No,3333,2000.0,99.0,360.0,1.0,Semiurban,1,5333.0,53.86868686868687,0.275,Low Risk
LP001282,Male,Yes,0,Graduate,No,2500,2118.0,104.0,360.0,1.0,Semiurban,1,4618.0,44.40384615384615,0.28888888888888886,Low Risk
LP001289,Male,No,0,Graduate,No,8566,0.0,210.0,360.0,1.0,Urban,1,8566.0,40.79047619047619,0.5833333333333334,Low Risk
LP001310,Male,Yes,0,Graduate,No,5695,4167.0,175.0,360.0,1.0,Semiurban,1,9862.0,56.354285714285716,0.4861111111111111,Low Risk
LP001316,Male,Yes,0,Graduate,No,2958,2900.0,131.0,360.0,1.0,Semiurban,1,5858.0,44.717557251908396,0.3638888888888889,Low Risk
LP001318,Male,Yes,2,Graduate,No,6250,5654.0,188.0,180.0,1.0,Semiurban,1,11904.0,63.319148936170215,1.0444444444444445,Low Risk
LP001319,Male,Yes,2,Not Graduate,No,3273,1820.0,81.0,360.0,1.0,Urban,1,5093.0,62.876543209876544,0.225,Low Risk
LP001322,Male,No,0,Graduate,No,4133,0.0,122.0,360.0,1.0,Semiurban,1,4133.0,33.877049180327866,0.3388888888888889,Low Risk
LP001325,Male,No,0,Not Graduate,No,3620,0.0,25.0,120.0,1.0,Semiurban,1,3620.0,144.8,0.20833333333333334,Low Risk
LP001326,Male,No,0,Graduate,No,6782,0.0,128.0,360.0,1.0,Urban,0,6782.0,52.984375,0.35555555555555557,Low Risk
LP001327,Female,Yes,0,Graduate,No,2484,2302.0,137.0,360.0,1.0,Semiurban,1,4786.0,34.934306569343065,0.38055555555555554,Low Risk
LP001333,Male,Yes,0,Graduate,No,1977,997.0,50.0,360.0,1.0,Semiurban,1,2974.0,59.48,0.1388888888888889,Low Risk
LP001334,Male,Yes,0,Not Graduate,No,4188,0.0,115.0,180.0,1.0,Semiurban,1,4188.0,36.417391304347824,0.6388888888888888,Low Risk
LP001343,Male,Yes,0,Graduate,No,1759,3541.0,131.0,360.0,1.0,Semiurban,1,5300.0,40.458015267175576,0.3638888888888889,Low Risk
LP001345,Male,Yes,2,Not Graduate,No,4288,3263.0,133.0,180.0,1.0,Urban,1,7551.0,56.774436090225564,0.7388888888888889,Low Risk
LP001349,Male,No,0,Graduate,No,4843,3806.0,151.0,360.0,1.0,Semiurban,1,8649.0,57.27814569536424,0.41944444444444445,Low Risk
LP001350,Male,Yes,0,Graduate,No,13650,0.0,128.0,360.0,1.0,Urban,1,13650.0,106.640625,0.35555555555555557,Low Risk
LP001356,Male,Yes,0,Graduate,No,4652,3583.0,128.0,360.0,1.0,Semiurban,1,8235.0,64.3359375,0.35555555555555557,Low Risk
LP001357,Male,Yes,0,Graduate,No,3816,754.0,160.0,360.0,1.0,Urban,1,4570.0,28.5625,0.4444444444444444,Low Risk
LP001367,Male,Yes,1,Graduate,No,3052,1030.0,100.0,360.0,1.0,Urban,1,4082.0,40.82,0.2777777777777778,Low Risk
LP001369,Male,Yes,2,Graduate,No,11417,1126.0,225.0,360.0,1.0,Urban,1,12543.0,55.74666666666667,0.625,Low Risk
LP001370,Male,No,0,Not Graduate,No,7333,0.0,120.0,360.0,1.0,Rural,0,7333.0,61.108333333333334,0.3333333333333333,Low Risk
LP001379,Male,Yes,2,Graduate,No,3800,3600.0,216.0,360.0,0.0,Urban,0,7400.0,34.25925925925926,0.6,High Risk
LP001384,Male,Yes,3+,Not Graduate,No,2071,754.0,94.0,480.0,1.0,Semiurban,1,2825.0,30.0531914893617,0.19583333333333333,Low Risk
LP001385,Male,No,0,Graduate,No,5316,0.0,136.0,360.0,1.0,Urban,1,5316.0,39.088235294117645,0.37777777777777777,Low Risk
LP001387,Female,Yes,0,Graduate,No,2929,2333.0,139.0,360.0,1.0,Semiurban,1,5262.0,37.856115107913666,0.3861111111111111,Low Risk
LP001391,Male,Yes,0,Not Graduate,No,3572,4114.0,152.0,360.0,0.0,Rural,0,7686.0,50.56578947368421,0.4222222222222222,High Risk
LP001392,Female,No,1,Graduate,Yes,7451,0.0,128.0,360.0,1.0,Semiurban,1,7451.0,58.2109375,0.35555555555555557,Low Risk
LP001398,Male,No,0,Graduate,No,5050,0.0,118.0,360.0,1.0,Semiurban,1,5050.0,42.79661016949152,0.3277777777777778,Low Risk
LP001401,Male,Yes,1,Graduate,No,14583,0.0,185.0,180.0,1.0,Rural,1,14583.0,78.82702702702703,1.0277777777777777,Low Risk
LP001404,Female,Yes,0,Graduate,No,3167,2283.0,154.0,360.0,1.0,Semiurban,1,5450.0,35.38961038961039,0.42777777777777776,Low Risk
LP001405,Male,Yes,1,Graduate,No,2214,1398.0,85.0,360.0,1.0,Urban,1,3612.0,42.49411764705882,0.2361111111111111,Low Risk
LP001421,Male,Yes,0,Graduate,No,5568,2142.0,175.0,360.0,1.0,Rural,0,7710.0,44.05714285714286,0.4861111111111111,Low Risk
LP001422,Female,No,0,Graduate,No,10408,0.0,259.0,360.0,1.0,Urban,1,10408.0,40.18532818532819,0.7194444444444444,Low Risk
LP001426,Male,Yes,0,Graduate,No,5667,2667.0,180.0,360.0,1.0,Rural,1,8334.0,46.3,0.5,Low Risk
LP001430,Female,No,0,Graduate,No,4166,0.0,44.0,360.0,1.0,Semiurban,1,4166.0,94.68181818181819,0.12222222222222222,Low Risk
LP001431,Female,No,0,Graduate,No,2137,8980.0,137.0,360.0,0.0,Semiurban,1,11117.0,81.14598540145985,0.38055555555555554,High Risk
LP001432,Male,Yes,2,Graduate,No,2957,0.0,81.0,360.0,1.0,Semiurban,1,2957.0,36.50617283950617,0.225,Low Risk
LP001439,Male,Yes,0,Not Graduate,No,4300,2014.0,194.0,360.0,1.0,Rural,1,6314.0,32.54639175257732,0.5388888888888889,Low Risk
LP001443,Female,No,0,Graduate,No,3692,0.0,93.0,360.0,1.0,Rural,1,3692.0,39.69892473118279,0.25833333333333336,Low Risk
LP001448,Male,Yes,3+,Graduate,No,23803,0.0,370.0,360.0,1.0,Rural,1,23803.0,64.33243243243243,1.0277777777777777,Low Risk
LP001449,Male,No,0,Graduate,No,3865,1640.0,128.0,360.0,1.0,Rural,1,5505.0,43.0078125,0.35555555555555557,Low Risk
LP001451,Male,Yes,1,Graduate,Yes,10513,3850.0,160.0,180.0,0.0,Urban,0,14363.0,89.76875,0.8888888888888888,High Risk
LP001465,Male,Yes,0,Graduate,No,6080,2569.0,182.0,360.0,1.0,Rural,0,8649.0,47.52197802197802,0.5055555555555555,Low Risk
LP001469,Male,No,0,Graduate,Yes,20166,0.0,650.0,480.0,1.0,Urban,1,20166.0,31.024615384615384,1.3541666666666667,Low Risk
LP001473,Male,No,0,Graduate,No,2014,1929.0,74.0,360.0,1.0,Urban,1,3943.0,53.28378378378378,0.20555555555555555,Low Risk
LP001478,Male,No,0,Graduate,No,2718,0.0,70.0,360.0,1.0,Semiurban,1,2718.0,38.82857142857143,0.19444444444444445,Low Risk
LP001482,Male,Yes,0,Graduate,Yes,3459,0.0,25.0,120.0,1.0,Semiurban,1,3459.0,138.36,0.20833333333333334,Low Risk
LP001487,Male,No,0,Graduate,No,4895,0.0,102.0,360.0,1.0,Semiurban,1,4895.0,47.990196078431374,0.2833333333333333,Low Risk
LP001488,Male,Yes,3+,Graduate,No,4000,7750.0,290.0,360.0,1.0,Semiurban,0,11750.0,40.51724137931034,0.8055555555555556,Low Risk
LP001489,Female,Yes,0,Graduate,No,4583,0.0,84.0,360.0,1.0,Rural,0,4583.0,54.55952380952381,0.23333333333333334,Low Risk
LP001491,Male,Yes,2,Graduate,Yes,3316,3500.0,88.0,360.0,1.0,Urban,1,6816.0,77.45454545454545,0.24444444444444444,Low Risk
LP001492,Male,No,0,Graduate,No,14999,0.0,242.0,360.0,0.0,Semiurban,0,14999.0,61.97933884297521,0.6722222222222223,High Risk
LP001493,Male,Yes,2,Not Graduate,No,4200,1430.0,129.0,360.0,1.0,Rural,0,5630.0,43.64341085271318,0.35833333333333334,Low Risk
LP001497,Male,Yes,2,Graduate,No,5042,2083.0,185.0,360.0,1.0,Rural,0,7125.0,38.513513513513516,0.5138888888888888,Low Risk
LP001498,Male,No,0,Graduate,No,5417,0.0,168.0,360.0,1.0,Urban,1,5417.0,32.24404761904762,0.4666666666666667,Low Risk
LP001504,Male,No,0,Graduate,Yes,6950,0.0,175.0,180.0,1.0,Semiurban,1,6950.0,39.714285714285715,0.9722222222222222,Low Risk
LP001507,Male,Yes,0,Graduate,No,2698,2034.0,122.0,360.0,1.0,Semiurban,1,4732.0,38.78688524590164,0.3388888888888889,Low Risk
LP001508,Male,Yes,2,Graduate,No,11757,0.0,187.0,180.0,1.0,Urban,1,11757.0,62.8716577540107,1.038888888888889,Low Risk
LP001514,Female,Yes,0,Graduate,No,2330,4486.0,100.0,360.0,1.0,Semiurban,1,6816.0,68.16,0.2777777777777778,Low Risk
LP001516,Female,Yes,2,Graduate,No,14866,0.0,70.0,360.0,1.0,Urban,1,14866.0,212.37142857142857,0.19444444444444445,Low Risk
LP001518,Male,Yes,1,Graduate,No,1538,1425.0,30.0,360.0,1.0,Urban,1,2963.0,98.76666666666667,0.08333333333333333,Low Risk
LP001519,Female,No,0,Graduate,No,10000,1666.0,225.0,360.0,1.0,Rural,0,11666.0,51.84888888888889,0.625,Low Risk
LP001520,Male,Yes,0,Graduate,No,4860,830.0,125.0,360.0,1.0,Semiurban,1,5690.0,45.52,0.3472222222222222,Low Risk
LP001528,Male,No,0,Graduate,No,6277,0.0,118.0,360.0,0.0,Rural,0,6277.0,53.19491525423729,0.3277777777777778,High Risk
LP001529,Male,Yes,0,Graduate,Yes,2577,3750.0,152.0,360.0,1.0,Rural,1,6327.0,41.625,0.4222222222222222,Low Risk
LP001531,Male,No,0,Graduate,No,9166,0.0,244.0,360.0,1.0,Urban,0,9166.0,37.5655737704918,0.6777777777777778,Low Risk
LP001532,Male,Yes,2,Not Graduate,No,2281,0.0,113.0,360.0,1.0,Rural,0,2281.0,20.1858407079646,0.3138888888888889,Medium Risk
LP001535,Male,No,0,Graduate,No,3254,0.0,50.0,360.0,1.0,Urban,1,3254.0,65.08,0.1388888888888889,Low Risk
LP001536,Male,Yes,3+,Graduate,No,39999,0.0,600.0,180.0,0.0,Semiurban,1,39999.0,66.665,3.3333333333333335,High Risk
LP001541,Male,Yes,1,Graduate,No,6000,0.0,160.0,360.0,1.0,Rural,1,6000.0,37.5,0.4444444444444444,Low Risk
LP001543,Male,Yes,1,Graduate,No,9538,0.0,187.0,360.0,1.0,Urban,1,9538.0,51.00534759358289,0.5194444444444445,Low Risk
LP001546,Male,No,0,Graduate,No,2980,2083.0,120.0,360.0,1.0,Rural,1,5063.0,42.19166666666667,0.3333333333333333,Low Risk
LP001552,Male,Yes,0,Graduate,No,4583,5625.0,255.0,360.0,1.0,Semiurban,1,10208.0,40.03137254901961,0.7083333333333334,Low Risk
LP001560,Male,Yes,0,Not Graduate,No,1863,1041.0,98.0,360.0,1.0,Semiurban,1,2904.0,29.632653061224488,0.2722222222222222,Low Risk
LP001562,Male,Yes,0,Graduate,No,7933,0.0,275.0,360.0,1.0,Urban,0,7933.0,28.847272727272728,0.7638888888888888,Low Risk
LP001565,Male,Yes,1,Graduate,No,3089,1280.0,121.0,360.0,0.0,Semiurban,0,4369.0,36.107438016528924,0.33611111111111114,High Risk
LP001570,Male,Yes,2,Graduate,No,4167,1447.0,158.0,360.0,1.0,Rural,1,5614.0,35.53164556962025,0.4388888888888889,Low Risk
LP001572,Male,Yes,0,Graduate,No,9323,0.0,75.0,180.0,1.0,Urban,1,9323.0,124.30666666666667,0.4166666666666667,Low Risk
LP001574,Male,Yes,0,Graduate,No,3707,3166.0,182.0,360.0,1.0,Rural,1,6873.0,37.76373626373626,0.5055555555555555,Low Risk
LP001577,Female,Yes,0,Graduate,No,4583,0.0,112.0,360.0,1.0,Rural,0,4583.0,40.919642857142854,0.3111111111111111,Low Risk
LP001578,Male,Yes,0,Graduate,No,2439,3333.0,129.0,360.0,1.0,Rural,1,5772.0,44.74418604651163,0.35833333333333334,Low Risk
LP001579,Male,No,0,Graduate,No,2237,0.0,63.0,480.0,0.0,Semiurban,0,2237.0,35.507936507936506,0.13125,High Risk
LP001580,Male,Yes,2,Graduate,No,8000,0.0,200.0,360.0,1.0,Semiurban,1,8000.0,40.0,0.5555555555555556,Low Risk
LP001581,Male,Yes,0,Not Graduate,No,1820,1769.0,95.0,360.0,1.0,Rural,1,3589.0,37.77894736842105,0.2638888888888889,Low Risk
LP001585,Male,Yes,3+,Graduate,No,51763,0.0,700.0,300.0,1.0,Urban,1,51763.0,73.94714285714285,2.3333333333333335,Low Risk
LP001586,Male,Yes,3+,Not Graduate,No,3522,0.0,81.0,180.0,1.0,Rural,0,3522.0,43.48148148148148,0.45,Low Risk
LP001594,Male,Yes,0,Graduate,No,5708,5625.0,187.0,360.0,1.0,Semiurban,1,11333.0,60.60427807486631,0.5194444444444445,Low Risk
LP001603,Male,Yes,0,Not Graduate,Yes,4344,736.0,87.0,360.0,1.0,Semiurban,0,5080.0,58.39080459770115,0.24166666666666667,Low Risk
LP001606,Male,Yes,0,Graduate,No,3497,1964.0,116.0,360.0,1.0,Rural,1,5461.0,47.077586206896555,0.32222222222222224,Low Risk
LP001608,Male,Yes,2,Graduate,No,2045,1619.0,101.0,360.0,1.0,Rural,1,3664.0,36.277227722772274,0.28055555555555556,Low Risk
LP001610,Male,Yes,3+,Graduate,No,5516,11300.0,495.0,360.0,0.0,Semiurban,0,16816.0,33.971717171717174,1.375,High Risk
LP001616,Male,Yes,1,Graduate,No,3750,0.0,116.0,360.0,1.0,Semiurban,1,3750.0,32.327586206896555,0.32222222222222224,Low Risk
LP001630,Male,No,0,Not Graduate,No,2333,1451.0,102.0,480.0,0.0,Urban,0,3784.0,37.09803921568628,0.2125,High Risk
LP001633,Male,Yes,1,Graduate,No,6400,7250.0,180.0,360.0,0.0,Urban,0,13650.0,75.83333333333333,0.5,High Risk
LP001634,Male,No,0,Graduate,No,1916,5063.0,67.0,360.0,1.0,Rural,0,6979.0,104.16417910447761,0.18611111111111112,Low Risk
LP001636,Male,Yes,0,Graduate,No,4600,0.0,73.0,180.0,1.0,Semiurban,1,4600.0,63.013698630136986,0.40555555555555556,Low Risk
LP001637,Male,Yes,1,Graduate,No,33846,0.0,260.0,360.0,1.0,Semiurban,0,33846.0,130.1769230769231,0.7222222222222222,Low Risk
LP001639,Female,Yes,0,Graduate,No,3625,0.0,108.0,360.0,1.0,Semiurban,1,3625.0,33.56481481481482,0.3,Low Risk
LP001640,Male,Yes,0,Graduate,Yes,39147,4750.0,120.0,360.0,1.0,Semiurban,1,43897.0,365.80833333333334,0.3333333333333333,Low Risk
LP001641,Male,Yes,1,Graduate,Yes,2178,0.0,66.0,300.0,0.0,Rural,0,2178.0,33.0,0.22,High Risk
LP001643,Male,Yes,0,Graduate,No,2383,2138.0,58.0,360.0,1.0,Rural,1,4521.0,77.94827586206897,0.16111111111111112,Low Risk
LP001644,Male,Yes,0,Graduate,Yes,674,5296.0,168.0,360.0,1.0,Rural,1,5970.0,35.535714285714285,0.4666666666666667,Low Risk
LP001647,Male,Yes,0,Graduate,No,9328,0.0,188.0,180.0,1.0,Rural,1,9328.0,49.61702127659574,1.0444444444444445,Low Risk
LP001653,Male,No,0,Not Graduate,No,4885,0.0,48.0,360.0,1.0,Rural,1,4885.0,101.77083333333333,0.13333333333333333,Low Risk
LP001656,Male,No,0,Graduate,No,12000,0.0,164.0,360.0,1.0,Semiurban,0,12000.0,73.17073170731707,0.45555555555555555,Low Risk
LP001657,Male,Yes,0,Not Graduate,No,6033,0.0,160.0,360.0,1.0,Urban,0,6033.0,37.70625,0.4444444444444444,Low Risk
LP001658,Male,No,0,Graduate,No,3858,0.0,76.0,360.0,1.0,Semiurban,1,3858.0,50.76315789473684,0.2111111111111111,Low Risk
LP001664,Male,No,0,Graduate,No,4191,0.0,120.0,360.0,1.0,Rural,1,4191.0,34.925,0.3333333333333333,Low Risk
LP001665,Male,Yes,1,Graduate,No,3125,2583.0,170.0,360.0,1.0,Semiurban,0,5708.0,33.576470588235296,0.4722222222222222,Low Risk
LP001666,Male,No,0,Graduate,No,8333,3750.0,187.0,360.0,1.0,Rural,1,12083.0,64.61497326203208,0.5194444444444445,Low Risk
LP001669,Female,No,0,Not Graduate,No,1907,2365.0,120.0,360.0,1.0,Urban,1,4272.0,35.6,0.3333333333333333,Low Risk
LP001671,Female,Yes,0,Graduate,No,3416,2816.0,113.0,360.0,1.0,Semiurban,1,6232.0,55.150442477876105,0.3138888888888889,Low Risk
LP001673,Male,No,0,Graduate,Yes,11000,0.0,83.0,360.0,1.0,Urban,0,11000.0,132.53012048192772,0.23055555555555557,Low Risk
LP001674,Male,Yes,1,Not Graduate,No,2600,2500.0,90.0,360.0,1.0,Semiurban,1,5100.0,56.666666666666664,0.25,Low Risk
LP001677,Male,No,2,Graduate,No,4923,0.0,166.0,360.0,0.0,Semiurban,1,4923.0,29.656626506024097,0.46111111111111114,High Risk
LP001682,Male,Yes,3+,Not Graduate,No,3992,0.0,128.0,180.0,1.0,Urban,0,3992.0,31.1875,0.7111111111111111,Low Risk
LP001688,Male,Yes,1,Not Graduate,No,3500,1083.0,135.0,360.0,1.0,Urban,1,4583.0,33.94814814814815,0.375,Low Risk
LP001691,Male,Yes,2,Not Graduate,No,3917,0.0,124.0,360.0,1.0,Semiurban,1,3917.0,31.588709677419356,0.34444444444444444,Low Risk
LP001692,Female,No,0,Not Graduate,No,4408,0.0,120.0,360.0,1.0,Semiurban,1,4408.0,36.733333333333334,0.3333333333333333,Low Risk
LP001693,Female,No,0,Graduate,No,3244,0.0,80.0,360.0,1.0,Urban,1,3244.0,40.55,0.2222222222222222,Low Risk
LP001698,Male,No,0,Not Graduate,No,3975,2531.0,55.0,360.0,1.0,Rural,1,6506.0,118.2909090909091,0.1527777777777778,Low Risk
LP001699,Male,No,0,Graduate,No,2479,0.0,59.0,360.0,1.0,Urban,1,2479.0,42.016949152542374,0.1638888888888889,Low Risk
LP001702,Male,No,0,Graduate,No,3418,0.0,127.0,360.0,1.0,Semiurban,0,3418.0,26.913385826771652,0.3527777777777778,Low Risk
LP001708,Female,No,0,Graduate,No,10000,0.0,214.0,360.0,1.0,Semiurban,0,10000.0,46.728971962616825,0.5944444444444444,Low Risk
LP001711,Male,Yes,3+,Graduate,No,3430,1250.0,128.0,360.0,0.0,Semiurban,0,4680.0,36.5625,0.35555555555555557,High Risk
LP001713,Male,Yes,1,Graduate,Yes,7787,0.0,240.0,360.0,1.0,Urban,1,7787.0,32.44583333333333,0.6666666666666666,Low Risk
LP001715,Male,Yes,3+,Not Graduate,Yes,5703,0.0,130.0,360.0,1.0,Rural,1,5703.0,43.86923076923077,0.3611111111111111,Low Risk
LP001716,Male,Yes,0,Graduate,No,3173,3021.0,137.0,360.0,1.0,Urban,1,6194.0,45.21167883211679,0.38055555555555554,Low Risk
LP001720,Male,Yes,3+,Not Graduate,No,3850,983.0,100.0,360.0,1.0,Semiurban,1,4833.0,48.33,0.2777777777777778,Low Risk
LP001722,Male,Yes,0,Graduate,No,150,1800.0,135.0,360.0,1.0,Rural,0,1950.0,14.444444444444445,0.375,Medium Risk
LP001726,Male,Yes,0,Graduate,No,3727,1775.0,131.0,360.0,1.0,Semiurban,1,5502.0,42.0,0.3638888888888889,Low Risk
LP001732,Male,Yes,2,Graduate,No,5000,0.0,72.0,360.0,0.0,Semiurban,0,5000.0,69.44444444444444,0.2,High Risk
LP001734,Female,Yes,2,Graduate,No,4283,2383.0,127.0,360.0,1.0,Semiurban,1,6666.0,52.488188976377955,0.3527777777777778,Low Risk
LP001736,Male,Yes,0,Graduate,No,2221,0.0,60.0,360.0,0.0,Urban,0,2221.0,37.016666666666666,0.16666666666666666,High Risk
LP001743,Male,Yes,2,Graduate,No,4009,1717.0,116.0,360.0,1.0,Semiurban,1,5726.0,49.36206896551724,0.32222222222222224,Low Risk
LP001744,Male,No,0,Graduate,No,2971,2791.0,144.0,360.0,1.0,Semiurban,1,5762.0,40.013888888888886,0.4,Low Risk
LP001749,Male,Yes,0,Graduate,No,7578,1010.0,175.0,360.0,1.0,Semiurban,1,8588.0,49.074285714285715,0.4861111111111111,Low Risk
LP001750,Male,Yes,0,Graduate,No,6250,0.0,128.0,360.0,1.0,Semiurban,1,6250.0,48.828125,0.35555555555555557,Low Risk
LP001751,Male,Yes,0,Graduate,No,3250,0.0,170.0,360.0,1.0,Rural,0,3250.0,19.11764705882353,0.4722222222222222,Medium Risk
LP001754,Male,Yes,0,Not Graduate,Yes,4735,0.0,138.0,360.0,1.0,Urban,0,4735.0,34.31159420289855,0.38333333333333336,Low Risk
LP001758,Male,Yes,2,Graduate,No,6250,1695.0,210.0,360.0,1.0,Semiurban,1,7945.0,37.833333333333336,0.5833333333333334,Low Risk
LP001760,Male,Yes,0,Graduate,No,4758,0.0,158.0,480.0,1.0,Semiurban,1,4758.0,30.11392405063291,0.32916666666666666,Low Risk
LP001761,Male,No,0,Graduate,Yes,6400,0.0,200.0,360.0,1.0,Rural,1,6400.0,32.0,0.5555555555555556,Low Risk
LP001765,Male,Yes,1,Graduate,No,2491,2054.0,104.0,360.0,1.0,Semiurban,1,4545.0,43.70192307692308,0.28888888888888886,Low Risk
LP001768,Male,Yes,0,Graduate,No,3716,0.0,42.0,180.0,1.0,Rural,1,3716.0,88.47619047619048,0.23333333333333334,Low Risk
LP001770,Male,No,0,Not Graduate,No,3189,2598.0,120.0,360.0,1.0,Rural,1,5787.0,48.225,0.3333333333333333,Low Risk
LP001776,Female,No,0,Graduate,No,8333,0.0,280.0,360.0,1.0,Semiurban,1,8333.0,29.760714285714286,0.7777777777777778,Low Risk
LP001778,Male,Yes,1,Graduate,No,3155,1779.0,140.0,360.0,1.0,Semiurban,1,4934.0,35.24285714285714,0.3888888888888889,Low Risk
LP001784,Male,Yes,1,Graduate,No,5500,1260.0,170.0,360.0,1.0,Rural,1,6760.0,39.76470588235294,0.4722222222222222,Low Risk
LP001786,Male,Yes,0,Graduate,No,5746,0.0,255.0,360.0,1.0,Urban,0,5746.0,22.533333333333335,0.7083333333333334,Medium Risk
LP001788,Female,No,0,Graduate,Yes,3463,0.0,122.0,360.0,1.0,Urban,1,3463.0,28.385245901639344,0.3388888888888889,Low Risk
LP001790,Female,No,1,Graduate,No,3812,0.0,112.0,360.0,1.0,Rural,1,3812.0,34.035714285714285,0.3111111111111111,Low Risk
LP001792,Male,Yes,1,Graduate,No,3315,0.0,96.0,360.0,1.0,Semiurban,1,3315.0,34.53125,0.26666666666666666,Low Risk
LP001798,Male,Yes,2,Graduate,No,5819,5000.0,120.0,360.0,1.0,Rural,1,10819.0,90.15833333333333,0.3333333333333333,Low Risk
LP001800,Male,Yes,1,Not Graduate,No,2510,1983.0,140.0,180.0,1.0,Urban,0,4493.0,32.09285714285714,0.7777777777777778,Low Risk
LP001806,Male,No,0,Graduate,No,2965,5701.0,155.0,60.0,1.0,Urban,1,8666.0,55.909677419354836,2.5833333333333335,Low Risk
LP001807,Male,Yes,2,Graduate,Yes,6250,1300.0,108.0,360.0,1.0,Rural,1,7550.0,69.9074074074074,0.3,Low Risk
LP001811,Male,Yes,0,Not Graduate,No,3406,4417.0,123.0,360.0,1.0,Semiurban,1,7823.0,63.60162601626016,0.3416666666666667,Low Risk
LP001813,Male,No,0,Graduate,Yes,6050,4333.0,120.0,180.0,1.0,Urban,0,10383.0,86.525,0.6666666666666666,Low Risk
LP001814,Male,Yes,2,Graduate,No,9703,0.0,112.0,360.0,1.0,Urban,1,9703.0,86.63392857142857,0.3111111111111111,Low Risk
LP001819,Male,Yes,1,Not Graduate,No,6608,0.0,137.0,180.0,1.0,Urban,1,6608.0,48.23357664233577,0.7611111111111111,Low Risk
LP001824,Male,Yes,1,Graduate,No,2882,1843.0,123.0,480.0,1.0,Semiurban,1,4725.0,38.41463414634146,0.25625,Low Risk
LP001825,Male,Yes,0,Graduate,No,1809,1868.0,90.0,360.0,1.0,Urban,1,3677.0,40.855555555555554,0.25,Low Risk
LP001835,Male,Yes,0,Not Graduate,No,1668,3890.0,201.0,360.0,0.0,Semiurban,0,5558.0,27.65174129353234,0.5583333333333333,High Risk
LP001836,Female,No,2,Graduate,No,3427,0.0,138.0,360.0,1.0,Urban,0,3427.0,24.833333333333332,0.38333333333333336,Medium Risk
LP001841,Male,No,0,Not Graduate,Yes,2583,2167.0,104.0,360.0,1.0,Rural,1,4750.0,45.67307692307692,0.28888888888888886,Low Risk
LP001843,Male,Yes,1,Not Graduate,No,2661,7101.0,279.0,180.0,1.0,Semiurban,1,9762.0,34.98924731182796,1.55,Low Risk
LP001844,Male,No,0,Graduate,Yes,16250,0.0,192.0,360.0,0.0,Urban,0,16250.0,84.63541666666667,0.5333333333333333,High Risk
LP001846,Female,No,3+,Graduate,No,3083,0.0,255.0,360.0,1.0,Rural,1,3083.0,12.090196078431372,0.7083333333333334,Medium Risk
LP001849,Male,No,0,Not Graduate,No,6045,0.0,115.0,360.0,0.0,Rural,0,6045.0,52.56521739130435,0.3194444444444444,High Risk
LP001854,Male,Yes,3+,Graduate,No,5250,0.0,94.0,360.0,1.0,Urban,0,5250.0,55.851063829787236,0.2611111111111111,Low Risk
LP001859,Male,Yes,0,Graduate,No,14683,2100.0,304.0,360.0,1.0,Rural,0,16783.0,55.20723684210526,0.8444444444444444,Low Risk
LP001864,Male,Yes,3+,Not Graduate,No,4931,0.0,128.0,360.0,1.0,Semiurban,0,4931.0,38.5234375,0.35555555555555557,Low Risk
LP001865,Male,Yes,1,Graduate,No,6083,4250.0,330.0,360.0,1.0,Urban,1,10333.0,31.312121212121212,0.9166666666666666,Low Risk
LP001868,Male,No,0,Graduate,No,2060,2209.0,134.0,360.0,1.0,Semiurban,1,4269.0,31.85820895522388,0.37222222222222223,Low Risk
LP001870,Female,No,1,Graduate,No,3481,0.0,155.0,36.0,1.0,Semiurban,0,3481.0,22.45806451612903,4.305555555555555,Medium Risk
LP001871,Female,No,0,Graduate,No,7200,0.0,120.0,360.0,1.0,Rural,1,7200.0,60.0,0.3333333333333333,Low Risk
LP001872,Male,No,0,Graduate,Yes,5166,0.0,128.0,360.0,1.0,Semiurban,1,5166.0,40.359375,0.35555555555555557,Low Risk
LP001875,Male,No,0,Graduate,No,4095,3447.0,151.0,360.0,1.0,Rural,1,7542.0,49.94701986754967,0.41944444444444445,Low Risk
LP001877,Male,Yes,2,Graduate,No,4708,1387.0,150.0,360.0,1.0,Semiurban,1,6095.0,40.63333333333333,0.4166666666666667,Low Risk
LP001882,Male,Yes,3+,Graduate,No,4333,1811.0,160.0,360.0,0.0,Urban,1,6144.0,38.4,0.4444444444444444,High Risk
LP001883,Female,No,0,Graduate,No,3418,0.0,135.0,360.0,1.0,Rural,0,3418.0,25.31851851851852,0.375,Low Risk
LP001884,Female,No,1,Graduate,No,2876,1560.0,90.0,360.0,1.0,Urban,1,4436.0,49.28888888888889,0.25,Low Risk
LP001888,Female,No,0,Graduate,No,3237,0.0,30.0,360.0,1.0,Urban,1,3237.0,107.9,0.08333333333333333,Low Risk
LP001891,Male,Yes,0,Graduate,No,11146,0.0,136.0,360.0,1.0,Urban,1,11146.0,81.95588235294117,0.37777777777777777,Low Risk
LP001892,Male,No,0,Graduate,No,2833,1857.0,126.0,360.0,1.0,Rural,1,4690.0,37.22222222222222,0.35,Low Risk
LP001894,Male,Yes,0,Graduate,No,2620,2223.0,150.0,360.0,1.0,Semiurban,1,4843.0,32.28666666666667,0.4166666666666667,Low Risk
LP001896,Male,Yes,2,Graduate,No,3900,0.0,90.0,360.0,1.0,Semiurban,1,3900.0,43.333333333333336,0.25,Low Risk
LP001900,Male,Yes,1,Graduate,No,2750,1842.0,115.0,360.0,1.0,Semiurban,1,4592.0,39.93043478260869,0.3194444444444444,Low Risk
LP001903,Male,Yes,0,Graduate,No,3993,3274.0,207.0,360.0,1.0,Semiurban,1,7267.0,35.106280193236714,0.575,Low Risk
LP001904,Male,Yes,0,Graduate,No,3103,1300.0,80.0,360.0,1.0,Urban,1,4403.0,55.0375,0.2222222222222222,Low Risk
LP001907,Male,Yes,0,Graduate,No,14583,0.0,436.0,360.0,1.0,Semiurban,1,14583.0,33.44724770642202,1.211111111111111,Low Risk
LP001908,Female,Yes,0,Not Graduate,No,4100,0.0,124.0,360.0,1.0,Rural,1,4100.0,33.064516129032256,0.34444444444444444,Low Risk
LP001910,Male,No,1,Not Graduate,Yes,4053,2426.0,158.0,360.0,0.0,Urban,0,6479.0,41.00632911392405,0.4388888888888889,High Risk
LP001914,Male,Yes,0,Graduate,No,3927,800.0,112.0,360.0,1.0,Semiurban,1,4727.0,42.205357142857146,0.3111111111111111,Low Risk
LP001915,Male,Yes,2,Graduate,No,2301,985.7999878,78.0,180.0,1.0,Urban,1,3286.7999878,42.13846138205128,0.43333333333333335,Low Risk
LP001917,Female,No,0,Graduate,No,1811,1666.0,54.0,360.0,1.0,Urban,1,3477.0,64.38888888888889,0.15,Low Risk
LP001922,Male,Yes,0,Graduate,No,20667,0.0,128.0,360.0,1.0,Rural,0,20667.0,161.4609375,0.35555555555555557,Low Risk
LP001924,Male,No,0,Graduate,No,3158,3053.0,89.0,360.0,1.0,Rural,1,6211.0,69.78651685393258,0.24722222222222223,Low Risk
LP001925,Female,No,0,Graduate,Yes,2600,1717.0,99.0,300.0,1.0,Semiurban,0,4317.0,43.60606060606061,0.33,Low Risk
LP001926,Male,Yes,0,Graduate,No,3704,2000.0,120.0,360.0,1.0,Rural,1,5704.0,47.53333333333333,0.3333333333333333,Low Risk
LP001931,Female,No,0,Graduate,No,4124,0.0,115.0,360.0,1.0,Semiurban,1,4124.0,35.86086956521739,0.3194444444444444,Low Risk
LP001935,Male,No,0,Graduate,No,9508,0.0,187.0,360.0,1.0,Rural,1,9508.0,50.844919786096256,0.5194444444444445,Low Risk
LP001936,Male,Yes,0,Graduate,No,3075,2416.0,139.0,360.0,1.0,Rural,1,5491.0,39.50359712230216,0.3861111111111111,Low Risk
LP001938,Male,Yes,2,Graduate,No,4400,0.0,127.0,360.0,0.0,Semiurban,0,4400.0,34.645669291338585,0.3527777777777778,High Risk
LP001940,Male,Yes,2,Graduate,No,3153,1560.0,134.0,360.0,1.0,Urban,1,4713.0,35.17164179104478,0.37222222222222223,Low Risk
LP001945,Female,No,0,Graduate,No,5417,0.0,143.0,480.0,0.0,Urban,0,5417.0,37.88111888111888,0.29791666666666666,High Risk
LP001947,Male,Yes,0,Graduate,No,2383,3334.0,172.0,360.0,1.0,Semiurban,1,5717.0,33.23837209302326,0.4777777777777778,Low Risk
LP001949,Male,Yes,3+,Graduate,No,4416,1250.0,110.0,360.0,1.0,Urban,1,5666.0,51.50909090909091,0.3055555555555556,Low Risk
LP001953,Male,Yes,1,Graduate,No,6875,0.0,200.0,360.0,1.0,Semiurban,1,6875.0,34.375,0.5555555555555556,Low Risk
LP001954,Female,Yes,1,Graduate,No,4666,0.0,135.0,360.0,1.0,Urban,1,4666.0,34.56296296296296,0.375,Low Risk
LP001955,Female,No,0,Graduate,No,5000,2541.0,151.0,480.0,1.0,Rural,0,7541.0,49.94039735099338,0.3145833333333333,Low Risk
LP001963,Male,Yes,1,Graduate,No,2014,2925.0,113.0,360.0,1.0,Urban,0,4939.0,43.70796460176991,0.3138888888888889,Low Risk
LP001964,Male,Yes,0,Not Graduate,No,1800,2934.0,93.0,360.0,0.0,Urban,0,4734.0,50.903225806451616,0.25833333333333336,High Risk
LP001972,Male,Yes,0,Not Graduate,No,2875,1750.0,105.0,360.0,1.0,Semiurban,1,4625.0,44.04761904761905,0.2916666666666667,Low Risk
LP001974,Female,No,0,Graduate,No,5000,0.0,132.0,360.0,1.0,Rural,1,5000.0,37.878787878787875,0.36666666666666664,Low Risk
LP001977,Male,Yes,1,Graduate,No,1625,1803.0,96.0,360.0,1.0,Urban,1,3428.0,35.708333333333336,0.26666666666666666,Low Risk
LP001978,Male,No,0,Graduate,No,4000,2500.0,140.0,360.0,1.0,Rural,1,6500.0,46.42857142857143,0.3888888888888889,Low Risk
LP001990,Male,No,0,Not Graduate,No,2000,0.0,128.0,360.0,1.0,Urban,0,2000.0,15.625,0.35555555555555557,Medium Risk
LP001993,Female,No,0,Graduate,No,3762,1666.0,135.0,360.0,1.0,Rural,1,5428.0,40.20740740740741,0.375,Low Risk
LP001994,Female,No,0,Graduate,No,2400,1863.0,104.0,360.0,0.0,Urban,0,4263.0,40.99038461538461,0.28888888888888886,High Risk
LP001996,Male,No,0,Graduate,No,20233,0.0,480.0,360.0,1.0,Rural,0,20233.0,42.15208333333333,1.3333333333333333,Low Risk
LP001998,Male,Yes,2,Not Graduate,No,7667,0.0,185.0,360.0,1.0,Rural,1,7667.0,41.443243243243245,0.5138888888888888,Low Risk
LP002002,Female,No,0,Graduate,No,2917,0.0,84.0,360.0,1.0,Semiurban,1,2917.0,34.726190476190474,0.23333333333333334,Low Risk
LP002004,Male,No,0,Not Graduate,No,2927,2405.0,111.0,360.0,1.0,Semiurban,1,5332.0,48.03603603603604,0.30833333333333335,Low Risk
LP002006,Female,No,0,Graduate,No,2507,0.0,56.0,360.0,1.0,Rural,1,2507.0,44.767857142857146,0.15555555555555556,Low Risk
LP002008,Male,Yes,2,Graduate,Yes,5746,0.0,144.0,84.0,1.0,Rural,1,5746.0,39.90277777777778,1.7142857142857142,Low Risk
LP002024,Male,Yes,0,Graduate,No,2473,1843.0,159.0,360.0,1.0,Rural,0,4316.0,27.144654088050313,0.44166666666666665,Low Risk
LP002031,Male,Yes,1,Not Graduate,No,3399,1640.0,111.0,180.0,1.0,Urban,1,5039.0,45.3963963963964,0.6166666666666667,Low Risk
LP002035,Male,Yes,2,Graduate,No,3717,0.0,120.0,360.0,1.0,Semiurban,1,3717.0,30.975,0.3333333333333333,Low Risk
LP002036,Male,Yes,0,Graduate,No,2058,2134.0,88.0,360.0,1.0,Urban,1,4192.0,47.63636363636363,0.24444444444444444,Low Risk
LP002043,Female,No,1,Graduate,No,3541,0.0,112.0,360.0,1.0,Semiurban,1,3541.0,31.616071428571427,0.3111111111111111,Low Risk
LP002050,Male,Yes,1,Graduate,Yes,10000,0.0,155.0,360.0,1.0,Rural,0,10000.0,64.51612903225806,0.4305555555555556,Low Risk
LP002051,Male,Yes,0,Graduate,No,2400,2167.0,115.0,360.0,1.0,Semiurban,1,4567.0,39.71304347826087,0.3194444444444444,Low Risk
LP002053,Male,Yes,3+,Graduate,No,4342,189.0,124.0,360.0,1.0,Semiurban,1,4531.0,36.54032258064516,0.34444444444444444,Low Risk
LP002054,Male,Yes,2,Not Graduate,No,3601,1590.0,128.0,360.0,1.0,Rural,1,5191.0,40.5546875,0.35555555555555557,Low Risk
LP002055,Female,No,0,Graduate,No,3166,2985.0,132.0,360.0,1.0,Rural,1,6151.0,46.59848484848485,0.36666666666666664,Low Risk
LP002065,Male,Yes,3+,Graduate,No,15000,0.0,300.0,360.0,1.0,Rural,1,15000.0,50.0,0.8333333333333334,Low Risk
LP002067,Male,Yes,1,Graduate,Yes,8666,4983.0,376.0,360.0,0.0,Rural,0,13649.0,36.30053191489362,1.0444444444444445,High Risk
LP002068,Male,No,0,Graduate,No,4917,0.0,130.0,360.0,0.0,Rural,1,4917.0,37.823076923076925,0.3611111111111111,High Risk
LP002082,Male,Yes,0,Graduate,Yes,5818,2160.0,184.0,360.0,1.0,Semiurban,1,7978.0,43.358695652173914,0.5111111111111111,Low Risk
LP002086,Female,Yes,0,Graduate,No,4333,2451.0,110.0,360.0,1.0,Urban,0,6784.0,61.67272727272727,0.3055555555555556,Low Risk
LP002087,Female,No,0,Graduate,No,2500,0.0,67.0,360.0,1.0,Urban,1,2500.0,37.3134328358209,0.18611111111111112,Low Risk
LP002097,Male,No,1,Graduate,No,4384,1793.0,117.0,360.0,1.0,Urban,1,6177.0,52.794871794871796,0.325,Low Risk
LP002098,Male,No,0,Graduate,No,2935,0.0,98.0,360.0,1.0,Semiurban,1,2935.0,29.948979591836736,0.2722222222222222,Low Risk
LP002100,Male,No,0,Graduate,No,2833,0.0,71.0,360.0,1.0,Urban,1,2833.0,39.901408450704224,0.19722222222222222,Low Risk
LP002101,Male,Yes,0,Graduate,No,63337,0.0,490.0,180.0,1.0,Urban,1,63337.0,129.25918367346938,2.7222222222222223,Low Risk
LP002103,Male,Yes,1,Graduate,Yes,9833,1833.0,182.0,180.0,1.0,Urban,1,11666.0,64.0989010989011,1.011111111111111,Low Risk
LP002106,Male,Yes,0,Graduate,Yes,5503,4490.0,70.0,360.0,1.0,Semiurban,1,9993.0,142.75714285714287,0.19444444444444445,Low Risk
LP002110,Male,Yes,1,Graduate,No,5250,688.0,160.0,360.0,1.0,Rural,1,5938.0,37.1125,0.4444444444444444,Low Risk
LP002112,Male,Yes,2,Graduate,Yes,2500,4600.0,176.0,360.0,1.0,Rural,1,7100.0,40.34090909090909,0.4888888888888889,Low Risk
LP002113,Female,No,3+,Not Graduate,No,1830,0.0,128.0,360.0,0.0,Urban,0,1830.0,14.296875,0.35555555555555557,High Risk
LP002114,Female,No,0,Graduate,No,4160,0.0,71.0,360.0,1.0,Semiurban,1,4160.0,58.59154929577465,0.19722222222222222,Low Risk
LP002115,Male,Yes,3+,Not Graduate,No,2647,1587.0,173.0,360.0,1.0,Rural,0,4234.0,24.473988439306357,0.48055555555555557,Medium Risk
LP002116,Female,No,0,Graduate,No,2378,0.0,46.0,360.0,1.0,Rural,0,2378.0,51.69565217391305,0.12777777777777777,Low Risk
LP002119,Male,Yes,1,Not Graduate,No,4554,1229.0,158.0,360.0,1.0,Urban,1,5783.0,36.60126582278481,0.4388888888888889,Low Risk
LP002126,Male,Yes,3+,Not Graduate,No,3173,0.0,74.0,360.0,1.0,Semiurban,1,3173.0,42.87837837837838,0.20555555555555555,Low Risk
LP002128,Male,Yes,2,Graduate,No,2583,2330.0,125.0,360.0,1.0,Rural,1,4913.0,39.304,0.3472222222222222,Low Risk
LP002129,Male,Yes,0,Graduate,No,2499,2458.0,160.0,360.0,1.0,Semiurban,1,4957.0,30.98125,0.4444444444444444,Low Risk
LP002130,Male,Yes,0,Not Graduate,No,3523,3230.0,152.0,360.0,0.0,Rural,0,6753.0,44.42763157894737,0.4222222222222222,High Risk
LP002131,Male,Yes,2,Not Graduate,No,3083,2168.0,126.0,360.0,1.0,Urban,1,5251.0,41.67460317460318,0.35,Low Risk
LP002137,Male,Yes,0,Graduate,No,6333,4583.0,259.0,360.0,1.0,Semiurban,1,10916.0,42.14671814671814,0.7194444444444444,Low Risk
LP002138,Male,Yes,0,Graduate,No,2625,6250.0,187.0,360.0,1.0,Rural,1,8875.0,47.45989304812834,0.5194444444444445,Low Risk
LP002139,Male,Yes,0,Graduate,No,9083,0.0,228.0,360.0,1.0,Semiurban,1,9083.0,39.83771929824562,0.6333333333333333,Low Risk
LP002140,Male,No,0,Graduate,No,8750,4167.0,308.0,360.0,1.0,Rural,0,12917.0,41.938311688311686,0.8555555555555555,Low Risk
LP002141,Male,Yes,3+,Graduate,No,2666,2083.0,95.0,360.0,1.0,Rural,1,4749.0,49.98947368421052,0.2638888888888889,Low Risk
LP002142,Female,Yes,0,Graduate,Yes,5500,0.0,105.0,360.0,0.0,Rural,0,5500.0,52.38095238095238,0.2916666666666667,High Risk
LP002143,Female,Yes,0,Graduate,No,2423,505.0,130.0,360.0,1.0,Semiurban,1,2928.0,22.523076923076925,0.3611111111111111,Medium Risk
LP002144,Female,No,0,Graduate,No,3813,0.0,116.0,180.0,1.0,Urban,1,3813.0,32.87068965517241,0.6444444444444445,Low Risk
LP002149,Male,Yes,2,Graduate,No,8333,3167.0,165.0,360.0,1.0,Rural,1,11500.0,69.6969696969697,0.4583333333333333,Low Risk
LP002151,Male,Yes,1,Graduate,No,3875,0.0,67.0,360.0,1.0,Urban,0,3875.0,57.83582089552239,0.18611111111111112,Low Risk
LP002158,Male,Yes,0,Not Graduate,No,3000,1666.0,100.0,480.0,0.0,Urban,0,4666.0,46.66,0.20833333333333334,High Risk
LP002160,Male,Yes,3+,Graduate,No,5167,3167.0,200.0,360.0,1.0,Semiurban,1,8334.0,41.67,0.5555555555555556,Low Risk
LP002161,Female,No,1,Graduate,No,4723,0.0,81.0,360.0,1.0,Semiurban,0,4723.0,58.30864197530864,0.225,Low Risk
LP002170,Male,Yes,2,Graduate,No,5000,3667.0,236.0,360.0,1.0,Semiurban,1,8667.0,36.72457627118644,0.6555555555555556,Low Risk
LP002175,Male,Yes,0,Graduate,No,4750,2333.0,130.0,360.0,1.0,Urban,1,7083.0,54.48461538461538,0.3611111111111111,Low Risk
LP002178,Male,Yes,0,Graduate,No,3013,3033.0,95.0,300.0,1.0,Urban,1,6046.0,63.642105263157895,0.31666666666666665,Low Risk
LP002180,Male,No,0,Graduate,Yes,6822,0.0,141.0,360.0,1.0,Rural,1,6822.0,48.38297872340426,0.39166666666666666,Low Risk
LP002181,Male,No,0,Not Graduate,No,6216,0.0,133.0,360.0,1.0,Rural,0,6216.0,46.73684210526316,0.36944444444444446,Low Risk
LP002187,Male,No,0,Graduate,No,2500,0.0,96.0,480.0,1.0,Semiurban,0,2500.0,26.041666666666668,0.2,Low Risk
LP002188,Male,No,0,Graduate,No,5124,0.0,124.0,360.0,0.0,Rural,0,5124.0,41.32258064516129,0.34444444444444444,High Risk
LP002190,Male,Yes,1,Graduate,No,6325,0.0,175.0,360.0,1.0,Semiurban,1,6325.0,36.142857142857146,0.4861111111111111,Low Risk
LP002191,Male,Yes,0,Graduate,No,19730,5266.0,570.0,360.0,1.0,Rural,0,24996.0,43.85263157894737,1.5833333333333333,Low Risk
LP002194,Female,No,0,Graduate,Yes,15759,0.0,55.0,360.0,1.0,Semiurban,1,15759.0,286.5272727272727,0.1527777777777778,Low Risk
LP002197,Male,Yes,2,Graduate,No,5185,0.0,155.0,360.0,1.0,Semiurban,1,5185.0,33.45161290322581,0.4305555555555556,Low Risk
LP002201,Male,Yes,2,Graduate,Yes,9323,7873.0,380.0,300.0,1.0,Rural,1,17196.0,45.252631578947366,1.2666666666666666,Low Risk
LP002205,Male,No,1,Graduate,No,3062,1987.0,111.0,180.0,0.0,Urban,0,5049.0,45.486486486486484,0.6166666666666667,High Risk
LP002209,Female,No,0,Graduate,No,2764,1459.0,110.0,360.0,1.0,Urban,1,4223.0,38.39090909090909,0.3055555555555556,Low Risk
LP002211,Male,Yes,0,Graduate,No,4817,923.0,120.0,180.0,1.0,Urban,1,5740.0,47.833333333333336,0.6666666666666666,Low Risk
LP002219,Male,Yes,3+,Graduate,No,8750,4996.0,130.0,360.0,1.0,Rural,1,13746.0,105.73846153846154,0.3611111111111111,Low Risk
LP002223,Male,Yes,0,Graduate,No,4310,0.0,130.0,360.0,1.0,Semiurban,1,4310.0,33.15384615384615,0.3611111111111111,Low Risk
LP002224,Male,No,0,Graduate,No,3069,0.0,71.0,480.0,1.0,Urban,0,3069.0,43.225352112676056,0.14791666666666667,Low Risk
LP002225,Male,Yes,2,Graduate,No,5391,0.0,130.0,360.0,1.0,Urban,1,5391.0,41.46923076923077,0.3611111111111111,Low Risk
LP002226,Male,Yes,0,Graduate,No,3333,2500.0,128.0,360.0,1.0,Semiurban,1,5833.0,45.5703125,0.35555555555555557,Low Risk
LP002229,Male,No,0,Graduate,No,5941,4232.0,296.0,360.0,1.0,Semiurban,1,10173.0,34.36824324324324,0.8222222222222222,Low Risk
LP002231,Female,No,0,Graduate,No,6000,0.0,156.0,360.0,1.0,Urban,1,6000.0,38.46153846153846,0.43333333333333335,Low Risk
LP002234,Male,No,0,Graduate,Yes,7167,0.0,128.0,360.0,1.0,Urban,1,7167.0,55.9921875,0.35555555555555557,Low Risk
LP002236,Male,Yes,2,Graduate,No,4566,0.0,100.0,360.0,1.0,Urban,0,4566.0,45.66,0.2777777777777778,Low Risk
LP002237,Male,No,1,Graduate,No,3667,0.0,113.0,180.0,1.0,Urban,1,3667.0,32.45132743362832,0.6277777777777778,Low Risk
LP002239,Male,No,0,Not Graduate,No,2346,1600.0,132.0,360.0,1.0,Semiurban,1,3946.0,29.893939393939394,0.36666666666666664,Low Risk
LP002243,Male,Yes,0,Not Graduate,No,3010,3136.0,128.0,360.0,0.0,Urban,0,6146.0,48.015625,0.35555555555555557,High Risk
LP002244,Male,Yes,0,Graduate,No,2333,2417.0,136.0,360.0,1.0,Urban,1,4750.0,34.9264705882353,0.37777777777777777,Low Risk
LP002250,Male,Yes,0,Graduate,No,5488,0.0,125.0,360.0,1.0,Rural,1,5488.0,43.904,0.3472222222222222,Low Risk
LP002255,Male,No,3+,Graduate,No,9167,0.0,185.0,360.0,1.0,Rural,1,9167.0,49.55135135135135,0.5138888888888888,Low Risk
LP002262,Male,Yes,3+,Graduate,No,9504,0.0,275.0,360.0,1.0,Rural,1,9504.0,34.56,0.7638888888888888,Low Risk
LP002263,Male,Yes,0,Graduate,No,2583,2115.0,120.0,360.0,1.0,Urban,1,4698.0,39.15,0.3333333333333333,Low Risk
LP002265,Male,Yes,2,Not Graduate,No,1993,1625.0,113.0,180.0,1.0,Semiurban,1,3618.0,32.017699115044245,0.6277777777777778,Low Risk
LP002266,Male,Yes,2,Graduate,No,3100,1400.0,113.0,360.0,1.0,Urban,1,4500.0,39.823008849557525,0.3138888888888889,Low Risk
LP002272,Male,Yes,2,Graduate,No,3276,484.0,135.0,360.0,1.0,Semiurban,1,3760.0,27.85185185185185,0.375,Low Risk
LP002277,Female,No,0,Graduate,No,3180,0.0,71.0,360.0,0.0,Urban,0,3180.0,44.7887323943662,0.19722222222222222,High Risk
LP002281,Male,Yes,0,Graduate,No,3033,1459.0,95.0,360.0,1.0,Urban,1,4492.0,47.28421052631579,0.2638888888888889,Low Risk
LP002284,Male,No,0,Not Graduate,No,3902,1666.0,109.0,360.0,1.0,Rural,1,5568.0,51.08256880733945,0.30277777777777776,Low Risk
LP002287,Female,No,0,Graduate,No,1500,1800.0,103.0,360.0,0.0,Semiurban,0,3300.0,32.03883495145631,0.2861111111111111,High Risk
LP002288,Male,Yes,2,Not Graduate,No,2889,0.0,45.0,180.0,0.0,Urban,0,2889.0,64.2,0.25,High Risk
LP002296,Male,No,0,Not Graduate,No,2755,0.0,65.0,300.0,1.0,Rural,0,2755.0,42.38461538461539,0.21666666666666667,Low Risk
LP002297,Male,No,0,Graduate,No,2500,20000.0,103.0,360.0,1.0,Semiurban,1,22500.0,218.44660194174756,0.2861111111111111,Low Risk
LP002300,Female,No,0,Not Graduate,No,1963,0.0,53.0,360.0,1.0,Semiurban,1,1963.0,37.0377358490566,0.14722222222222223,Low Risk
LP002301,Female,No,0,Graduate,Yes,7441,0.0,194.0,360.0,1.0,Rural,0,7441.0,38.355670103092784,0.5388888888888889,Low Risk
LP002305,Female,No,0,Graduate,No,4547,0.0,115.0,360.0,1.0,Semiurban,1,4547.0,39.53913043478261,0.3194444444444444,Low Risk
LP002308,Male,Yes,0,Not Graduate,No,2167,2400.0,115.0,360.0,1.0,Urban,1,4567.0,39.71304347826087,0.3194444444444444,Low Risk
LP002314,Female,No,0,Not Graduate,No,2213,0.0,66.0,360.0,1.0,Rural,1,2213.0,33.53030303030303,0.18333333333333332,Low Risk
LP002315,Male,Yes,1,Graduate,No,8300,0.0,152.0,300.0,0.0,Semiurban,0,8300.0,54.60526315789474,0.5066666666666667,High Risk
LP002317,Male,Yes,3+,Graduate,No,81000,0.0,360.0,360.0,0.0,Rural,0,81000.0,225.0,1.0,High Risk
LP002318,Female,No,1,Not Graduate,Yes,3867,0.0,62.0,360.0,1.0,Semiurban,0,3867.0,62.37096774193548,0.17222222222222222,Low Risk
LP002319,Male,Yes,0,Graduate,No,6256,0.0,160.0,360.0,1.0,Urban,1,6256.0,39.1,0.4444444444444444,Low Risk
LP002328,Male,Yes,0,Not Graduate,No,6096,0.0,218.0,360.0,0.0,Rural,0,6096.0,27.96330275229358,0.6055555555555555,High Risk
LP002332,Male,Yes,0,Not Graduate,No,2253,2033.0,110.0,360.0,1.0,Rural,1,4286.0,38.96363636363636,0.3055555555555556,Low Risk
LP002335,Female,Yes,0,Not Graduate,No,2149,3237.0,178.0,360.0,0.0,Semiurban,0,5386.0,30.258426966292134,0.49444444444444446,High Risk
LP002337,Female,No,0,Graduate,No,2995,0.0,60.0,360.0,1.0,Urban,1,2995.0,49.916666666666664,0.16666666666666666,Low Risk
LP002341,Female,No,1,Graduate,No,2600,0.0,160.0,360.0,1.0,Urban,0,2600.0,16.25,0.4444444444444444,Medium Risk
LP002342,Male,Yes,2,Graduate,Yes,1600,20000.0,239.0,360.0,1.0,Urban,0,21600.0,90.3765690376569,0.6638888888888889,Low Risk
LP002345,Male,Yes,0,Graduate,No,1025,2773.0,112.0,360.0,1.0,Rural,1,3798.0,33.910714285714285,0.3111111111111111,Low Risk
LP002347,Male,Yes,0,Graduate,No,3246,1417.0,138.0,360.0,1.0,Semiurban,1,4663.0,33.789855072463766,0.38333333333333336,Low Risk
LP002348,Male,Yes,0,Graduate,No,5829,0.0,138.0,360.0,1.0,Rural,1,5829.0,42.23913043478261,0.38333333333333336,Low Risk
LP002357,Female,No,0,Not Graduate,No,2720,0.0,80.0,360.0,0.0,Urban,0,2720.0,34.0,0.2222222222222222,High Risk
LP002361,Male,Yes,0,Graduate,No,1820,1719.0,100.0,360.0,1.0,Urban,1,3539.0,35.39,0.2777777777777778,Low Risk
LP002362,Male,Yes,1,Graduate,No,7250,1667.0,110.0,360.0,0.0,Urban,0,8917.0,81.06363636363636,0.3055555555555556,High Risk
LP002364,Male,Yes,0,Graduate,No,14880,0.0,96.0,360.0,1.0,Semiurban,1,14880.0,155.0,0.26666666666666666,Low Risk
LP002366,Male,Yes,0,Graduate,No,2666,4300.0,121.0,360.0,1.0,Rural,1,6966.0,57.570247933884296,0.33611111111111114,Low Risk
LP002367,Female,No,1,Not Graduate,No,4606,0.0,81.0,360.0,1.0,Rural,0,4606.0,56.864197530864196,0.225,Low Risk
LP002368,Male,Yes,2,Graduate,No,5935,0.0,133.0,360.0,1.0,Semiurban,1,5935.0,44.62406015037594,0.36944444444444446,Low Risk
LP002369,Male,Yes,0,Graduate,No,2920,16.12000084,87.0,360.0,1.0,Rural,1,2936.12000084,33.74850575678161,0.24166666666666667,Low Risk
LP002370,Male,No,0,Not Graduate,No,2717,0.0,60.0,180.0,1.0,Urban,1,2717.0,45.28333333333333,0.3333333333333333,Low Risk
LP002377,Female,No,1,Graduate,Yes,8624,0.0,150.0,360.0,1.0,Semiurban,1,8624.0,57.49333333333333,0.4166666666666667,Low Risk
LP002379,Male,No,0,Graduate,No,6500,0.0,105.0,360.0,0.0,Rural,0,6500.0,61.904761904761905,0.2916666666666667,High Risk
LP002386,Male,No,0,Graduate,No,12876,0.0,405.0,360.0,1.0,Semiurban,1,12876.0,31.79259259259259,1.125,Low Risk
LP002387,Male,Yes,0,Graduate,No,2425,2340.0,143.0,360.0,1.0,Semiurban,1,4765.0,33.32167832167832,0.3972222222222222,Low Risk
LP002390,Male,No,0,Graduate,No,3750,0.0,100.0,360.0,1.0,Urban,1,3750.0,37.5,0.2777777777777778,Low Risk
LP002393,Female,Yes,0,Graduate,No,10047,0.0,128.0,240.0,1.0,Semiurban,1,10047.0,78.4921875,0.5333333333333333,Low Risk
LP002398,Male,No,0,Graduate,No,1926,1851.0,50.0,360.0,1.0,Semiurban,1,3777.0,75.54,0.1388888888888889,Low Risk
LP002401,Male,Yes,0,Graduate,No,2213,1125.0,128.0,360.0,1.0,Urban,1,3338.0,26.078125,0.35555555555555557,Low Risk
LP002403,Male,No,0,Graduate,Yes,10416,0.0,187.0,360.0,0.0,Urban,0,10416.0,55.70053475935829,0.5194444444444445,High Risk
LP002407,Female,Yes,0,Not Graduate,Yes,7142,0.0,138.0,360.0,1.0,Rural,1,7142.0,51.7536231884058,0.38333333333333336,Low Risk
LP002408,Male,No,0,Graduate,No,3660,5064.0,187.0,360.0,1.0,Semiurban,1,8724.0,46.6524064171123,0.5194444444444445,Low Risk
LP002409,Male,Yes,0,Graduate,No,7901,1833.0,180.0,360.0,1.0,Rural,1,9734.0,54.077777777777776,0.5,Low Risk
LP002418,Male,No,3+,Not Graduate,No,4707,1993.0,148.0,360.0,1.0,Semiurban,1,6700.0,45.270270270270274,0.4111111111111111,Low Risk
LP002422,Male,No,1,Graduate,No,37719,0.0,152.0,360.0,1.0,Semiurban,1,37719.0,248.15131578947367,0.4222222222222222,Low Risk
LP002424,Male,Yes,0,Graduate,No,7333,8333.0,175.0,300.0,1.0,Rural,1,15666.0,89.52,0.5833333333333334,Low Risk
LP002429,Male,Yes,1,Graduate,Yes,3466,1210.0,130.0,360.0,1.0,Rural,1,4676.0,35.96923076923077,0.3611111111111111,Low Risk
LP002434,Male,Yes,2,Not Graduate,No,4652,0.0,110.0,360.0,1.0,Rural,1,4652.0,42.29090909090909,0.3055555555555556,Low Risk
LP002435,Male,Yes,0,Graduate,No,3539,1376.0,55.0,360.0,1.0,Rural,0,4915.0,89.36363636363636,0.1527777777777778,Low Risk
LP002443,Male,Yes,2,Graduate,No,3340,1710.0,150.0,360.0,0.0,Rural,0,5050.0,33.666666666666664,0.4166666666666667,High Risk
LP002444,Male,No,1,Not Graduate,Yes,2769,1542.0,190.0,360.0,1.0,Semiurban,0,4311.0,22.689473684210526,0.5277777777777778,Medium Risk
LP002446,Male,Yes,2,Not Graduate,No,2309,1255.0,125.0,360.0,0.0,Rural,0,3564.0,28.512,0.3472222222222222,High Risk
LP002447,Male,Yes,2,Not Graduate,No,1958,1456.0,60.0,300.0,1.0,Urban,1,3414.0,56.9,0.2,Low Risk
LP002448,Male,Yes,0,Graduate,No,3948,1733.0,149.0,360.0,0.0,Rural,0,5681.0,38.12751677852349,0.41388888888888886,High Risk
LP002449,Male,Yes,0,Graduate,No,2483,2466.0,90.0,180.0,0.0,Rural,1,4949.0,54.98888888888889,0.5,High Risk
LP002453,Male,No,0,Graduate,Yes,7085,0.0,84.0,360.0,1.0,Semiurban,1,7085.0,84.3452380952381,0.23333333333333334,Low Risk
LP002455,Male,Yes,2,Graduate,No,3859,0.0,96.0,360.0,1.0,Semiurban,1,3859.0,40.197916666666664,0.26666666666666666,Low Risk
LP002459,Male,Yes,0,Graduate,No,4301,0.0,118.0,360.0,1.0,Urban,1,4301.0,36.44915254237288,0.3277777777777778,Low Risk
LP002467,Male,Yes,0,Graduate,No,3708,2569.0,173.0,360.0,1.0,Urban,0,6277.0,36.283236994219656,0.48055555555555557,Low Risk
LP002472,Male,No,2,Graduate,No,4354,0.0,136.0,360.0,1.0,Rural,1,4354.0,32.01470588235294,0.37777777777777777,Low Risk
LP002473,Male,Yes,0,Graduate,No,8334,0.0,160.0,360.0,1.0,Semiurban,0,8334.0,52.0875,0.4444444444444444,Low Risk
LP002478,Male,Yes,0,Graduate,Yes,2083,4083.0,160.0,360.0,1.0,Semiurban,1,6166.0,38.5375,0.4444444444444444,Low Risk
LP002484,Male,Yes,3+,Graduate,No,7740,0.0,128.0,180.0,1.0,Urban,1,7740.0,60.46875,0.7111111111111111,Low Risk
LP002487,Male,Yes,0,Graduate,No,3015,2188.0,153.0,360.0,1.0,Rural,1,5203.0,34.00653594771242,0.425,Low Risk
LP002489,Female,No,1,Not Graduate,No,5191,0.0,132.0,360.0,1.0,Semiurban,1,5191.0,39.32575757575758,0.36666666666666664,Low Risk
LP002493,Male,No,0,Graduate,No,4166,0.0,98.0,360.0,0.0,Semiurban,0,4166.0,42.51020408163265,0.2722222222222222,High Risk
LP002494,Male,No,0,Graduate,No,6000,0.0,140.0,360.0,1.0,Rural,1,6000.0,42.857142857142854,0.3888888888888889,Low Risk
LP002500,Male,Yes,3+,Not Graduate,No,2947,1664.0,70.0,180.0,0.0,Urban,0,4611.0,65.87142857142857,0.3888888888888889,High Risk
LP002501,Male,Yes,0,Graduate,No,16692,0.0,110.0,360.0,1.0,Semiurban,1,16692.0,151.74545454545455,0.3055555555555556,Low Risk
LP002502,Female,Yes,2,Not Graduate,No,210,2917.0,98.0,360.0,1.0,Semiurban,1,3127.0,31.908163265306122,0.2722222222222222,Low Risk
LP002505,Male,Yes,0,Graduate,No,4333,2451.0,110.0,360.0,1.0,Urban,0,6784.0,61.67272727272727,0.3055555555555556,Low Risk
LP002515,Male,Yes,1,Graduate,Yes,3450,2079.0,162.0,360.0,1.0,Semiurban,1,5529.0,34.129629629629626,0.45,Low Risk
LP002517,Male,Yes,1,Not Graduate,No,2653,1500.0,113.0,180.0,0.0,Rural,0,4153.0,36.75221238938053,0.6277777777777778,High Risk
LP002519,Male,Yes,3+,Graduate,No,4691,0.0,100.0,360.0,1.0,Semiurban,1,4691.0,46.91,0.2777777777777778,Low Risk
LP002522,Female,No,0,Graduate,Yes,2500,0.0,93.0,360.0,1.0,Urban,1,2500.0,26.881720430107528,0.25833333333333336,Low Risk
LP002524,Male,No,2,Graduate,No,5532,4648.0,162.0,360.0,1.0,Rural,1,10180.0,62.839506172839506,0.45,Low Risk
LP002527,Male,Yes,2,Graduate,Yes,16525,1014.0,150.0,360.0,1.0,Rural,1,17539.0,116.92666666666666,0.4166666666666667,Low Risk
LP002529,Male,Yes,2,Graduate,No,6700,1750.0,230.0,300.0,1.0,Semiurban,1,8450.0,36.73913043478261,0.7666666666666667,Low Risk
LP002530,Male,Yes,2,Graduate,No,2873,1872.0,132.0,360.0,0.0,Semiurban,0,4745.0,35.946969696969695,0.36666666666666664,High Risk
LP002531,Male,Yes,1,Graduate,Yes,16667,2250.0,86.0,360.0,1.0,Semiurban,1,18917.0,219.96511627906978,0.2388888888888889,Low Risk
LP002533,Male,Yes,2,Graduate,No,2947,1603.0,128.0,360.0,1.0,Urban,0,4550.0,35.546875,0.35555555555555557,Low Risk
LP002534,Female,No,0,Not Graduate,No,4350,0.0,154.0,360.0,1.0,Rural,1,4350.0,28.246753246753247,0.42777777777777776,Low Risk
LP002536,Male,Yes,3+,Not Graduate,No,3095,0.0,113.0,360.0,1.0,Rural,1,3095.0,27.38938053097345,0.3138888888888889,Low Risk
LP002537,Male,Yes,0,Graduate,No,2083,3150.0,128.0,360.0,1.0,Semiurban,1,5233.0,40.8828125,0.35555555555555557,Low Risk
LP002541,Male,Yes,0,Graduate,No,10833,0.0,234.0,360.0,1.0,Semiurban,1,10833.0,46.294871794871796,0.65,Low Risk
LP002543,Male,Yes,2,Graduate,No,8333,0.0,246.0,360.0,1.0,Semiurban,1,8333.0,33.8739837398374,0.6833333333333333,Low Risk
LP002544,Male,Yes,1,Not Graduate,No,1958,2436.0,131.0,360.0,1.0,Rural,1,4394.0,33.541984732824424,0.3638888888888889,Low Risk
LP002545,Male,No,2,Graduate,No,3547,0.0,80.0,360.0,0.0,Rural,0,3547.0,44.3375,0.2222222222222222,High Risk
LP002547,Male,Yes,1,Graduate,No,18333,0.0,500.0,360.0,1.0,Urban,0,18333.0,36.666,1.3888888888888888,Low Risk
LP002555,Male,Yes,2,Graduate,Yes,4583,2083.0,160.0,360.0,1.0,Semiurban,1,6666.0,41.6625,0.4444444444444444,Low Risk
LP002556,Male,No,0,Graduate,No,2435,0.0,75.0,360.0,1.0,Urban,0,2435.0,32.46666666666667,0.20833333333333334,Low Risk
LP002560,Male,No,0,Not Graduate,No,2699,2785.0,96.0,360.0,1.0,Semiurban,1,5484.0,57.125,0.26666666666666666,Low Risk
LP002562,Male,Yes,1,Not Graduate,No,5333,1131.0,186.0,360.0,1.0,Urban,1,6464.0,34.75268817204301,0.5166666666666667,Low Risk
LP002571,Male,No,0,Not Graduate,No,3691,0.0,110.0,360.0,1.0,Rural,1,3691.0,33.554545454545455,0.3055555555555556,Low Risk
LP002582,Female,No,0,Not Graduate,Yes,17263,0.0,225.0,360.0,1.0,Semiurban,1,17263.0,76.72444444444444,0.625,Low Risk
LP002585,Male,Yes,0,Graduate,No,3597,2157.0,119.0,360.0,0.0,Rural,0,5754.0,48.35294117647059,0.33055555555555555,High Risk
LP002586,Female,Yes,1,Graduate,No,3326,913.0,105.0,84.0,1.0,Semiurban,1,4239.0,40.371428571428574,1.25,Low Risk
LP002587,Male,Yes,0,Not Graduate,No,2600,1700.0,107.0,360.0,1.0,Rural,1,4300.0,40.18691588785047,0.2972222222222222,Low Risk
LP002588,Male,Yes,0,Graduate,No,4625,2857.0,111.0,12.0,1.0,Urban,1,7482.0,67.4054054054054,9.25,Low Risk
LP002600,Male,Yes,1,Graduate,Yes,2895,0.0,95.0,360.0,1.0,Semiurban,1,2895.0,30.473684210526315,0.2638888888888889,Low Risk
LP002602,Male,No,0,Graduate,No,6283,4416.0,209.0,360.0,0.0,Rural,0,10699.0,51.19138755980861,0.5805555555555556,High Risk
LP002603,Female,No,0,Graduate,No,645,3683.0,113.0,480.0,1.0,Rural,1,4328.0,38.30088495575221,0.23541666666666666,Low Risk
LP002606,Female,No,0,Graduate,No,3159,0.0,100.0,360.0,1.0,Semiurban,1,3159.0,31.59,0.2777777777777778,Low Risk
LP002615,Male,Yes,2,Graduate,No,4865,5624.0,208.0,360.0,1.0,Semiurban,1,10489.0,50.42788461538461,0.5777777777777777,Low Risk
LP002618,Male,Yes,1,Not Graduate,No,4050,5302.0,138.0,360.0,1.0,Rural,0,9352.0,67.76811594202898,0.38333333333333336,Low Risk
LP002619,Male,Yes,0,Not Graduate,No,3814,1483.0,124.0,300.0,1.0,Semiurban,1,5297.0,42.71774193548387,0.41333333333333333,Low Risk
LP002622,Male,Yes,2,Graduate,No,3510,4416.0,243.0,360.0,1.0,Rural,1,7926.0,32.617283950617285,0.675,Low Risk
LP002624,Male,Yes,0,Graduate,No,20833,6667.0,480.0,360.0,1.0,Urban,1,27500.0,57.291666666666664,1.3333333333333333,Low Risk
LP002625,Male,No,0,Graduate,No,3583,0.0,96.0,360.0,1.0,Urban,0,3583.0,37.322916666666664,0.26666666666666666,Low Risk
LP002626,Male,Yes,0,Graduate,Yes,2479,3013.0,188.0,360.0,1.0,Urban,1,5492.0,29.21276595744681,0.5222222222222223,Low Risk
LP002634,Female,No,1,Graduate,No,13262,0.0,40.0,360.0,1.0,Urban,1,13262.0,331.55,0.1111111111111111,Low Risk
LP002637,Male,No,0,Not Graduate,No,3598,1287.0,100.0,360.0,1.0,Rural,0,4885.0,48.85,0.2777777777777778,Low Risk
LP002640,Male,Yes,1,Graduate,No,6065,2004.0,250.0,360.0,1.0,Semiurban,1,8069.0,32.276,0.6944444444444444,Low Risk
LP002643,Male,Yes,2,Graduate,No,3283,2035.0,148.0,360.0,1.0,Urban,1,5318.0,35.932432432432435,0.4111111111111111,Low Risk
LP002648,Male,Yes,0,Graduate,No,2130,6666.0,70.0,180.0,1.0,Semiurban,0,8796.0,125.65714285714286,0.3888888888888889,Low Risk
LP002652,Male,No,0,Graduate,No,5815,3666.0,311.0,360.0,1.0,Rural,0,9481.0,30.485530546623796,0.8638888888888889,Low Risk
LP002659,Male,Yes,3+,Graduate,No,3466,3428.0,150.0,360.0,1.0,Rural,1,6894.0,45.96,0.4166666666666667,Low Risk
LP002670,Female,Yes,2,Graduate,No,2031,1632.0,113.0,480.0,1.0,Semiurban,1,3663.0,32.415929203539825,0.23541666666666666,Low Risk
LP002682,Male,Yes,0,Not Graduate,No,3074,1800.0,123.0,360.0,0.0,Semiurban,0,4874.0,39.6260162601626,0.3416666666666667,High Risk
LP002683,Male,No,0,Graduate,No,4683,1915.0,185.0,360.0,1.0,Semiurban,0,6598.0,35.66486486486487,0.5138888888888888,Low Risk
LP002684,Female,No,0,Not Graduate,No,3400,0.0,95.0,360.0,1.0,Rural,0,3400.0,35.78947368421053,0.2638888888888889,Low Risk
LP002689,Male,Yes,2,Not Graduate,No,2192,1742.0,45.0,360.0,1.0,Semiurban,1,3934.0,87.42222222222222,0.125,Low Risk
LP002690,Male,No,0,Graduate,No,2500,0.0,55.0,360.0,1.0,Semiurban,1,2500.0,45.45454545454545,0.1527777777777778,Low Risk
LP002692,Male,Yes,3+,Graduate,Yes,5677,1424.0,100.0,360.0,1.0,Rural,1,7101.0,71.01,0.2777777777777778,Low Risk
LP002693,Male,Yes,2,Graduate,Yes,7948,7166.0,480.0,360.0,1.0,Rural,1,15114.0,31.4875,1.3333333333333333,Low Risk
LP002697,Male,No,0,Graduate,No,4680,2087.0,128.0,360.0,1.0,Semiurban,0,6767.0,52.8671875,0.35555555555555557,Low Risk
LP002699,Male,Yes,2,Graduate,Yes,17500,0.0,400.0,360.0,1.0,Rural,1,17500.0,43.75,1.1111111111111112,Low Risk
LP002705,Male,Yes,0,Graduate,No,3775,0.0,110.0,360.0,1.0,Semiurban,1,3775.0,34.31818181818182,0.3055555555555556,Low Risk
LP002706,Male,Yes,1,Not Graduate,No,5285,1430.0,161.0,360.0,0.0,Semiurban,1,6715.0,41.70807453416149,0.44722222222222224,High Risk
LP002714,Male,No,1,Not Graduate,No,2679,1302.0,94.0,360.0,1.0,Semiurban,1,3981.0,42.351063829787236,0.2611111111111111,Low Risk
LP002716,Male,No,0,Not Graduate,No,6783,0.0,130.0,360.0,1.0,Semiurban,1,6783.0,52.176923076923075,0.3611111111111111,Low Risk
LP002717,Male,Yes,0,Graduate,No,1025,5500.0,216.0,360.0,1.0,Rural,1,6525.0,30.208333333333332,0.6,Low Risk
LP002720,Male,Yes,3+,Graduate,No,4281,0.0,100.0,360.0,1.0,Urban,1,4281.0,42.81,0.2777777777777778,Low Risk
LP002723,Male,No,2,Graduate,No,3588,0.0,110.0,360.0,0.0,Rural,0,3588.0,32.61818181818182,0.3055555555555556,High Risk
LP002729,Male,No,1,Graduate,No,11250,0.0,196.0,360.0,1.0,Semiurban,0,11250.0,57.39795918367347,0.5444444444444444,Low Risk
LP002731,Female,No,0,Not Graduate,Yes,18165,0.0,125.0,360.0,1.0,Urban,1,18165.0,145.32,0.3472222222222222,Low Risk
LP002732,Male,No,0,Not Graduate,No,2550,2042.0,126.0,360.0,1.0,Rural,1,4592.0,36.44444444444444,0.35,Low Risk
LP002734,Male,Yes,0,Graduate,No,6133,3906.0,324.0,360.0,1.0,Urban,1,10039.0,30.984567901234566,0.9,Low Risk
LP002738,Male,No,2,Graduate,No,3617,0.0,107.0,360.0,1.0,Semiurban,1,3617.0,33.80373831775701,0.2972222222222222,Low Risk
LP002739,Male,Yes,0,Not Graduate,No,2917,536.0,66.0,360.0,1.0,Rural,0,3453.0,52.31818181818182,0.18333333333333332,Low Risk
LP002740,Male,Yes,3+,Graduate,No,6417,0.0,157.0,180.0,1.0,Rural,1,6417.0,40.87261146496815,0.8722222222222222,Low Risk
LP002741,Female,Yes,1,Graduate,No,4608,2845.0,140.0,180.0,1.0,Semiurban,1,7453.0,53.23571428571429,0.7777777777777778,Low Risk
LP002743,Female,No,0,Graduate,No,2138,0.0,99.0,360.0,0.0,Semiurban,0,2138.0,21.595959595959595,0.275,High Risk
LP002753,Female,No,1,Graduate,No,3652,0.0,95.0,360.0,1.0,Semiurban,1,3652.0,38.44210526315789,0.2638888888888889,Low Risk
LP002755,Male,Yes,1,Not Graduate,No,2239,2524.0,128.0,360.0,1.0,Urban,1,4763.0,37.2109375,0.35555555555555557,Low Risk
LP002757,Female,Yes,0,Not Graduate,No,3017,663.0,102.0,360.0,1.0,Semiurban,1,3680.0,36.07843137254902,0.2833333333333333,Low Risk
LP002767,Male,Yes,0,Graduate,No,2768,1950.0,155.0,360.0,1.0,Rural,1,4718.0,30.438709677419354,0.4305555555555556,Low Risk
LP002768,Male,No,0,Not Graduate,No,3358,0.0,80.0,36.0,1.0,Semiurban,0,3358.0,41.975,2.2222222222222223,Low Risk
LP002772,Male,No,0,Graduate,No,2526,1783.0,145.0,360.0,1.0,Rural,1,4309.0,29.717241379310344,0.4027777777777778,Low Risk
LP002776,Female,No,0,Graduate,No,5000,0.0,103.0,360.0,0.0,Semiurban,0,5000.0,48.54368932038835,0.2861111111111111,High Risk
LP002777,Male,Yes,0,Graduate,No,2785,2016.0,110.0,360.0,1.0,Rural,1,4801.0,43.64545454545455,0.3055555555555556,Low Risk
LP002778,Male,Yes,2,Graduate,Yes,6633,0.0,128.0,360.0,0.0,Rural,0,6633.0,51.8203125,0.35555555555555557,High Risk
LP002784,Male,Yes,1,Not Graduate,No,2492,2375.0,128.0,360.0,1.0,Rural,1,4867.0,38.0234375,0.35555555555555557,Low Risk
LP002785,Male,Yes,1,Graduate,No,3333,3250.0,158.0,360.0,1.0,Urban,1,6583.0,41.664556962025316,0.4388888888888889,Low Risk
LP002788,Male,Yes,0,Not Graduate,No,2454,2333.0,181.0,360.0,0.0,Urban,0,4787.0,26.447513812154696,0.5027777777777778,High Risk
LP002789,Male,Yes,0,Graduate,No,3593,4266.0,132.0,180.0,0.0,Rural,0,7859.0,59.53787878787879,0.7333333333333333,High Risk
LP002792,Male,Yes,1,Graduate,No,5468,1032.0,26.0,360.0,1.0,Semiurban,1,6500.0,250.0,0.07222222222222222,Low Risk
LP002794,Female,No,0,Graduate,No,2667,1625.0,84.0,360.0,1.0,Urban,1,4292.0,51.095238095238095,0.23333333333333334,Low Risk
LP002795,Male,Yes,3+,Graduate,Yes,10139,0.0,260.0,360.0,1.0,Semiurban,1,10139.0,38.996153846153845,0.7222222222222222,Low Risk
LP002798,Male,Yes,0,Graduate,No,3887,2669.0,162.0,360.0,1.0,Semiurban,1,6556.0,40.46913580246913,0.45,Low Risk
LP002804,Female,Yes,0,Graduate,No,4180,2306.0,182.0,360.0,1.0,Semiurban,1,6486.0,35.637362637362635,0.5055555555555555,Low Risk
LP002807,Male,Yes,2,Not Graduate,No,3675,242.0,108.0,360.0,1.0,Semiurban,1,3917.0,36.26851851851852,0.3,Low Risk
LP002813,Female,Yes,1,Graduate,Yes,19484,0.0,600.0,360.0,1.0,Semiurban,1,19484.0,32.473333333333336,1.6666666666666667,Low Risk
LP002820,Male,Yes,0,Graduate,No,5923,2054.0,211.0,360.0,1.0,Rural,1,7977.0,37.80568720379147,0.5861111111111111,Low Risk
LP002821,Male,No,0,Not Graduate,Yes,5800,0.0,132.0,360.0,1.0,Semiurban,1,5800.0,43.93939393939394,0.36666666666666664,Low Risk
LP002832,Male,Yes,2,Graduate,No,8799,0.0,258.0,360.0,0.0,Urban,0,8799.0,34.104651162790695,0.7166666666666667,High Risk
LP002833,Male,Yes,0,Not Graduate,No,4467,0.0,120.0,360.0,1.0,Rural,1,4467.0,37.225,0.3333333333333333,Low Risk
LP002836,Male,No,0,Graduate,No,3333,0.0,70.0,360.0,1.0,Urban,1,3333.0,47.614285714285714,0.19444444444444445,Low Risk
LP002837,Male,Yes,3+,Graduate,No,3400,2500.0,123.0,360.0,0.0,Rural,0,5900.0,47.96747967479675,0.3416666666666667,High Risk
LP002840,Female,No,0,Graduate,No,2378,0.0,9.0,360.0,1.0,Urban,0,2378.0,264.22222222222223,0.025,Low Risk
LP002841,Male,Yes,0,Graduate,No,3166,2064.0,104.0,360.0,0.0,Urban,0,5230.0,50.28846153846154,0.28888888888888886,High Risk
LP002842,Male,Yes,1,Graduate,No,3417,1750.0,186.0,360.0,1.0,Urban,1,5167.0,27.77956989247312,0.5166666666666667,Low Risk
LP002847,Male,Yes,0,Graduate,No,5116,1451.0,165.0,360.0,0.0,Urban,0,6567.0,39.8,0.4583333333333333,High Risk
LP002855,Male,Yes,2,Graduate,No,16666,0.0,275.0,360.0,1.0,Urban,1,16666.0,60.60363636363636,0.7638888888888888,Low Risk
LP002862,Male,Yes,2,Not Graduate,No,6125,1625.0,187.0,480.0,1.0,Semiurban,0,7750.0,41.44385026737968,0.38958333333333334,Low Risk
LP002863,Male,Yes,3+,Graduate,No,6406,0.0,150.0,360.0,1.0,Semiurban,0,6406.0,42.70666666666666,0.4166666666666667,Low Risk
LP002868,Male,Yes,2,Graduate,No,3159,461.0,108.0,84.0,1.0,Urban,1,3620.0,33.51851851851852,1.2857142857142858,Low Risk
LP002872,Male,Yes,0,Graduate,No,3087,2210.0,136.0,360.0,0.0,Semiurban,0,5297.0,38.9485294117647,0.37777777777777777,High Risk
LP002874,Male,No,0,Graduate,No,3229,2739.0,110.0,360.0,1.0,Urban,1,5968.0,54.25454545454546,0.3055555555555556,Low Risk
LP002877,Male,Yes,1,Graduate,No,1782,2232.0,107.0,360.0,1.0,Rural,1,4014.0,37.51401869158879,0.2972222222222222,Low Risk
LP002888,Male,No,0,Graduate,No,3182,2917.0,161.0,360.0,1.0,Urban,1,6099.0,37.88198757763975,0.44722222222222224,Low Risk
LP002892,Male,Yes,2,Graduate,No,6540,0.0,205.0,360.0,1.0,Semiurban,1,6540.0,31.902439024390244,0.5694444444444444,Low Risk
LP002893,Male,No,0,Graduate,No,1836,33837.0,90.0,360.0,1.0,Urban,0,35673.0,396.3666666666667,0.25,Low Risk
LP002894,Female,Yes,0,Graduate,No,3166,0.0,36.0,360.0,1.0,Semiurban,1,3166.0,87.94444444444444,0.1,Low Risk
LP002898,Male,Yes,1,Graduate,No,1880,0.0,61.0,360.0,1.0,Rural,0,1880.0,30.81967213114754,0.16944444444444445,Low Risk
LP002911,Male,Yes,1,Graduate,No,2787,1917.0,146.0,360.0,0.0,Rural,0,4704.0,32.21917808219178,0.40555555555555556,High Risk
LP002912,Male,Yes,1,Graduate,No,4283,3000.0,172.0,84.0,1.0,Rural,0,7283.0,42.343023255813954,2.0476190476190474,Low Risk
LP002916,Male,Yes,0,Graduate,No,2297,1522.0,104.0,360.0,1.0,Urban,1,3819.0,36.72115384615385,0.28888888888888886,Low Risk
LP002917,Female,No,0,Not Graduate,No,2165,0.0,70.0,360.0,1.0,Semiurban,1,2165.0,30.928571428571427,0.19444444444444445,Low Risk
LP002925,Male,No,0,Graduate,No,4750,0.0,94.0,360.0,1.0,Semiurban,1,4750.0,50.53191489361702,0.2611111111111111,Low Risk
LP002926,Male,Yes,2,Graduate,Yes,2726,0.0,106.0,360.0,0.0,Semiurban,0,2726.0,25.71698113207547,0.29444444444444445,High Risk
LP002928,Male,Yes,0,Graduate,No,3000,3416.0,56.0,180.0,1.0,Semiurban,1,6416.0,114.57142857142857,0.3111111111111111,Low Risk
LP002931,Male,Yes,2,Graduate,Yes,6000,0.0,205.0,240.0,1.0,Semiurban,0,6000.0,29.26829268292683,0.8541666666666666,Low Risk
LP002933,Male,No,3+,Graduate,Yes,9357,0.0,292.0,360.0,1.0,Semiurban,1,9357.0,32.044520547945204,0.8111111111111111,Low Risk
LP002936,Male,Yes,0,Graduate,No,3859,3300.0,142.0,180.0,1.0,Rural,1,7159.0,50.41549295774648,0.7888888888888889,Low Risk
LP002938,Male,Yes,0,Graduate,Yes,16120,0.0,260.0,360.0,1.0,Urban,1,16120.0,62.0,0.7222222222222222,Low Risk
LP002940,Male,No,0,Not Graduate,No,3833,0.0,110.0,360.0,1.0,Rural,1,3833.0,34.845454545454544,0.3055555555555556,Low Risk
LP002941,Male,Yes,2,Not Graduate,Yes,6383,1000.0,187.0,360.0,1.0,Rural,0,7383.0,39.481283422459896,0.5194444444444445,Low Risk
LP002943,Male,No,0,Graduate,No,2987,0.0,88.0,360.0,0.0,Semiurban,0,2987.0,33.94318181818182,0.24444444444444444,High Risk
LP002945,Male,Yes,0,Graduate,Yes,9963,0.0,180.0,360.0,1.0,Rural,1,9963.0,55.35,0.5,Low Risk
LP002948,Male,Yes,2,Graduate,No,5780,0.0,192.0,360.0,1.0,Urban,1,5780.0,30.104166666666668,0.5333333333333333,Low Risk
LP002949,Female,No,3+,Graduate,No,416,41667.0,350.0,180.0,1.0,Urban,0,42083.0,120.23714285714286,1.9444444444444444,Low Risk
LP002950,Male,Yes,0,Not Graduate,No,2894,2792.0,155.0,360.0,1.0,Rural,1,5686.0,36.68387096774194,0.4305555555555556,Low Risk
LP002953,Male,Yes,3+,Graduate,No,5703,0.0,128.0,360.0,1.0,Urban,1,5703.0,44.5546875,0.35555555555555557,Low Risk
LP002958,Male,No,0,Graduate,No,3676,4301.0,172.0,360.0,1.0,Rural,1,7977.0,46.377906976744185,0.4777777777777778,Low Risk
LP002959,Female,Yes,1,Graduate,No,12000,0.0,496.0,360.0,1.0,Semiurban,1,12000.0,24.193548387096776,1.3777777777777778,Medium Risk
LP002960,Male,Yes,0,Not Graduate,No,2400,3800.0,128.0,180.0,1.0,Urban,0,6200.0,48.4375,0.7111111111111111,Low Risk
LP002961,Male,Yes,1,Graduate,No,3400,2500.0,173.0,360.0,1.0,Semiurban,1,5900.0,34.104046242774565,0.48055555555555557,Low Risk
LP002964,Male,Yes,2,Not Graduate,No,3987,1411.0,157.0,360.0,1.0,Rural,1,5398.0,34.382165605095544,0.4361111111111111,Low Risk
LP002974,Male,Yes,0,Graduate,No,3232,1950.0,108.0,360.0,1.0,Rural,1,5182.0,47.98148148148148,0.3,Low Risk
LP002978,Female,No,0,Graduate,No,2900,0.0,71.0,360.0,1.0,Rural,1,2900.0,40.84507042253521,0.19722222222222222,Low Risk
LP002979,Male,Yes,3+,Graduate,No,4106,0.0,40.0,180.0,1.0,Rural,1,4106.0,102.65,0.2222222222222222,Low Risk
LP002983,Male,Yes,1,Graduate,No,8072,240.0,253.0,360.0,1.0,Urban,1,8312.0,32.85375494071146,0.7027777777777777,Low Risk
LP002984,Male,Yes,2,Graduate,No,7583,0.0,187.0,360.0,1.0,Urban,1,7583.0,40.55080213903744,0.5194444444444445,Low Risk
LP002990,Female,No,0,Graduate,Yes,4583,0.0,133.0,360.0,0.0,Semiurban,0,4583.0,34.45864661654135,0.36944444444444446,High Risk
